date,time,end_time,venue,event_name,session_info,availability_status
2026-09-10,10:00:00,21:15:00,IGアリーナ,バスケットボール,男子予選フェーズ （4試合）,LIMITED
2026-09-11,10:00:00,21:15:00,IGアリーナ,バスケットボール,男子予選フェーズ （4試合）,LIMITED
2026-09-12,10:00:00,21:15:00,IGアリーナ,バスケットボール,男子予選フェーズ （4試合）,LIMITED
2026-09-13,10:00:00,21:15:00,IGアリーナ,バスケットボール,男子予選フェーズ （4試合）,LIMITED
2026-09-14,10:00:00,15:15:00,IGアリーナ,バスケットボール,男子予選フェーズ （2試合）,BUY
2026-09-15,15:30:00,21:00:00,CSアセット港サッカー場,サッカー,男子1次ラウンド（2試合）,BUY
2026-09-15,19:30:00,21:30:00,パロマ瑞穂ラグビー場,サッカー,男子1次ラウンド（1試合）,BUY
2026-09-16,10:00:00,21:15:00,IGアリーナ,バスケットボール,男子準々決勝 （4試合）,LIMITED
2026-09-16,10:00:00,21:20:00,小牧市スポーツ公園総合体育館,バレーボール,女子ファーストラウンド（4試合）,LIMITED
2026-09-16,14:00:00,21:00:00,ウェーブスタジアム刈谷,サッカー,男子1次ラウンド（2試合）,BUY
2026-09-16,16:00:00,21:30:00,豊田スタジアム,サッカー,男子1次ラウンド（2試合）,BUY
2026-09-17,09:00:00,12:00:00,愛知県口論義運動公園,クリケット（T20）,女子準々決勝,BUY
2026-09-17,10:00:00,21:20:00,小牧市スポーツ公園総合体育館,バレーボール,女子ファーストラウンド（4試合）,LIMITED
2026-09-17,13:00:00,21:15:00,IGアリーナ,バスケットボール,女子予選フェーズ （3試合）,BUY
2026-09-17,14:00:00,17:00:00,愛知県口論義運動公園,クリケット（T20）,女子準々決勝,BUY
2026-09-18,09:00:00,12:00:00,愛知県口論義運動公園,クリケット（T20）,女子準々決勝,BUY
2026-09-18,09:00:00,18:45:00,東山公園テニスセンター,ソフトテニス,男子団体 ／ 予選ラウンド～準々決勝   ／ 女子団体 ／ 予選ラウンド～準々決勝,LIMITED
2026-09-18,10:00:00,21:15:00,IGアリーナ,バスケットボール,女子予選フェーズ （2試合） ／ 男子準決勝 （2試合）,LIMITED
2026-09-18,10:00:00,21:20:00,小牧市スポーツ公園総合体育館,バレーボール,女子ファーストラウンド（4試合）,LIMITED
2026-09-18,14:00:00,17:00:00,愛知県口論義運動公園,クリケット（T20）,女子準々決勝,BUY
2026-09-18,15:30:00,21:00:00,CSアセット港サッカー場,サッカー,男子1次ラウンド（2試合）,BUY
2026-09-18,19:30:00,21:30:00,パロマ瑞穂ラグビー場,サッカー,男子1次ラウンド（1試合）,BUY
2026-09-19,10:00:00,14:15:00,IGアリーナ,バスケットボール,女子予選フェーズ （1試合）,BUY
2026-09-19,18:00:00,20:00:00,パロマ瑞穂スタジアム,開会式,セレモニー,SOLD_OUT
2026-09-20,09:00:00,12:00:00,パロマ瑞穂アリーナ,セパタクロー,男子チームレグ 予選,SOLD_OUT
2026-09-20,09:00:00,12:00:00,愛知県口論義運動公園,クリケット（T20）,女子準決勝,BUY
2026-09-20,09:00:00,16:30:00,愛知県武道館,武術太極拳,男子長拳 決勝 ／ 女子太極拳・太極剣 決勝 / メダル,SOLD_OUT
2026-09-20,09:00:00,20:15:00,東山公園テニスセンター,ソフトテニス,男子団体 ／ 準決勝～決勝   ／ 女子団体 ／ 準決勝～決勝 / メダル,SOLD_OUT
2026-09-20,09:30:00,20:30:00,一宮市総合体育館,バドミントン,女子団体 1回戦 ／ 男子団体 1回戦,SOLD_OUT
2026-09-20,10:00:00,21:55:00,IGアリーナ,バスケットボール,女子予選フェーズ （2試合） ／ 男子3位決定戦 ／ 男子決勝 / メダル,LIMITED
2026-09-20,10:00:00,22:00:00,スカイホール豊田,卓球,女子団体予選リーグ ラウンド１、２ ／ 男子団体予選リーグ ラウンド1、２,LIMITED
2026-09-20,10:00:00,21:20:00,小牧市スポーツ公園総合体育館,バレーボール,女子準々決勝（4試合）,SOLD_OUT
2026-09-20,13:30:00,19:00:00,春日井市総合体育館,ハンドボール,男子予選ラウンド（3試合）,SOLD_OUT
2026-09-20,14:00:00,21:00:00,ウェーブスタジアム刈谷,サッカー,男子1次ラウンド（2試合）,LIMITED
2026-09-20,14:00:00,17:00:00,パロマ瑞穂アリーナ,セパタクロー,女子チームレグ 予選,SOLD_OUT
2026-09-20,14:00:00,17:00:00,愛知県口論義運動公園,クリケット（T20）,女子準決勝,BUY
2026-09-20,14:30:00,19:15:00,NGKアリーナ,水泳 (水球),女子総当たり戦（3試合）,SOLD_OUT
2026-09-20,16:00:00,21:30:00,豊田スタジアム,サッカー,男子1次ラウンド（2試合）,BUY
2026-09-20,19:30:00,21:30:00,愛知県武道館,武術太極拳,男子散打 1/16決勝 ／ 女子散打 1/16決勝,LIMITED
2026-09-21,09:00:00,12:00:00,パロマ瑞穂アリーナ,セパタクロー,男子チームレグ 予選,SOLD_OUT
2026-09-21,09:00:00,16:30:00,愛知県武道館,武術太極拳,女子長拳 決勝 ／ 男子太極拳・太極剣 決勝 / メダル,SOLD_OUT
2026-09-21,09:00:00,19:00:00,東山公園テニスセンター,ソフトテニス,混合ダブルス ／ 予選ラウンド～決勝ラウンド / メダル,LIMITED
2026-09-21,09:30:00,20:30:00,一宮市総合体育館,バドミントン,女子団体 2回戦 ／ 男子団体 2回戦,LIMITED
2026-09-21,09:30:00,14:00:00,東海市民体育館,カバディ,男子予選ラウンド ／ 女子予選ラウンド （４試合）,SOLD_OUT
2026-09-21,10:00:00,17:00:00,NGKホール,体操（体操）,男子予選 ／ 男子個人総合決勝 /表彰式 / メダル,SOLD_OUT
2026-09-21,10:00:00,16:00:00,スカイホール豊田,卓球,女子団体予選リーグ ラウンド3 ／ 男子団体予選リーグ ラウンド3,LIMITED
2026-09-21,10:00:00,21:20:00,小牧市スポーツ公園総合体育館,バレーボール,女子準決勝（２試合)​ ／ 女子5-8位決定戦（2試合）,SOLD_OUT
2026-09-21,10:00:00,19:30:00,春日井市総合体育館,ハンドボール,男子予選ラウンド（1試合） ／ 女子予選ラウンド（4試合）,SOLD_OUT
2026-09-21,12:00:00,15:20:00,金城ふ頭駅前特設コート,3x3 バスケットボール,女子予選プール（4試合） ／ 男子予選プール（4試合）,BUY
2026-09-21,13:00:00,21:15:00,IGアリーナ,バスケットボール,女子予選フェーズ （3試合）,BUY
2026-09-21,14:00:00,17:00:00,パロマ瑞穂アリーナ,セパタクロー,女子チームレグ 予選,SOLD_OUT
2026-09-21,14:30:00,19:15:00,NGKアリーナ,水泳 (水球),女子総当たり戦（3試合）,BUY
2026-09-21,16:00:00,18:00:00,ウェーブスタジアム刈谷,サッカー,女子1次ラウンド（1試合）,BUY
2026-09-21,16:00:00,20:20:00,東海市民体育館,カバディ,男子予選ラウンド ／ 女子予選ラウンド （４試合）,SOLD_OUT
2026-09-21,17:40:00,21:00:00,金城ふ頭駅前特設コート,3x3 バスケットボール,女子予選プール（4試合） ／ 男子予選プール（4試合）,BUY
2026-09-21,18:30:00,22:10:00,スカイホール豊田,卓球,女子ダブルス１回戦 ／ 男子団体１回戦 ,LIMITED
2026-09-21,19:30:00,21:30:00,愛知県武道館,武術太極拳,男子散打 1/8決勝 ／ 女子散打 1/8決勝,BUY
2026-09-22,09:00:00,12:00:00,パロマ瑞穂アリーナ,セパタクロー,男子チームレグ 予選,SOLD_OUT
2026-09-22,09:00:00,12:00:00,愛知県口論義運動公園,クリケット（T20）,女子3位決定戦 / メダル,BUY
2026-09-22,09:00:00,16:30:00,愛知県武道館,武術太極拳,男子南拳・南棍 決勝 ／ 女子南拳・南刀 決勝 / メダル,LIMITED
2026-09-22,09:00:00,16:45:00,東山公園テニスセンター,ソフトテニス,男子シングルス ／ 予選ラウンド ／ 女子シングルス　 ／ 予選ラウンド,BUY
2026-09-22,09:30:00,20:30:00,一宮市総合体育館,バドミントン,女子団体 準々決勝 ／ 男子団体 準々決勝,SOLD_OUT
2026-09-22,09:30:00,14:00:00,東海市民体育館,カバディ,男子予選ラウンド ／ 女子予選ラウンド （４試合）,SOLD_OUT
2026-09-22,10:00:00,21:15:00,IGアリーナ,バスケットボール,女子予選フェーズ （4試合）,BUY
2026-09-22,10:00:00,16:50:00,スカイホール豊田,卓球,女子団体2回戦  ／ 男子団体２回戦 ／ 混合ダブルス１回戦、２回戦,LIMITED
2026-09-22,10:00:00,21:20:00,小牧市スポーツ公園総合体育館,バレーボール,女子7位決定戦 ／ 女子5位決定戦 ／ 女子3位決定戦 ／ 女子決勝戦 ／ 女子表彰式 / メダル,SOLD_OUT
2026-09-22,12:00:00,19:15:00,NGKホール,体操（体操）,女子予選 ／ 女子個人総合決勝 /表彰式 / メダル,LIMITED
2026-09-22,12:00:00,15:20:00,金城ふ頭駅前特設コート,3x3 バスケットボール,女子予選プール（4試合） ／ 男子予選プール（4試合）,BUY
2026-09-22,12:30:00,20:00:00,春日井市総合体育館,ハンドボール,女子予選ラウンド（4試合）,SOLD_OUT
2026-09-22,14:00:00,16:00:00,CSアセット港サッカー場,サッカー,男子1次ラウンド（1試合）,BUY
2026-09-22,14:00:00,17:00:00,パロマ瑞穂アリーナ,セパタクロー,女子チームレグ 予選,SOLD_OUT
2026-09-22,14:00:00,21:00:00,パロマ瑞穂ラグビー場,サッカー,男子1次ラウンド（2試合）,BUY
2026-09-22,14:00:00,17:00:00,愛知県口論義運動公園,クリケット（T20）,女子決勝 / メダル,BUY
2026-09-22,14:30:00,19:15:00,NGKアリーナ,水泳 (水球),女子総当たり戦（3試合）,BUY
2026-09-22,16:00:00,20:20:00,東海市民体育館,カバディ,男子予選ラウンド ／ 女子予選ラウンド （４試合）,SOLD_OUT
2026-09-22,17:40:00,21:00:00,金城ふ頭駅前特設コート,3x3 バスケットボール,女子予選プール（4試合） ／ 男子予選プール（4試合）,BUY
2026-09-22,19:20:00,21:50:00,スカイホール豊田,卓球,男子団体準々決勝 ／ 女子団体準々決勝,LIMITED
2026-09-22,19:30:00,21:30:00,愛知県武道館,武術太極拳,男子散打 準々決勝 ／ 女子散打 準々決勝,BUY
2026-09-23,09:00:00,12:00:00,パロマ瑞穂アリーナ,セパタクロー,男子チームレグ 予選,SOLD_OUT
2026-09-23,09:00:00,18:30:00,名古屋金城ふ頭アリーナ,スカッシュ,女子個人戦1回戦 ／ 男子個人戦1回戦 ／ 混合ダブルス1回戦 ／ 女子個人戦2回戦 ／ 男子個人戦2回戦,LIMITED
2026-09-23,09:00:00,16:30:00,愛知県武道館,武術太極拳,男子刀術・棍術 決勝 ／ 女子剣術・槍術 決勝 / メダル,SOLD_OUT
2026-09-23,09:00:00,17:30:00,東山公園テニスセンター,ソフトテニス,男子シングルス ／ 準々決勝～決勝 ／ 女子シングルス ／ 準々決勝～決勝 / メダル,LIMITED
2026-09-23,09:30:00,20:30:00,一宮市総合体育館,バドミントン,女子団体 準決勝 ／ 男子団体 準決勝,SOLD_OUT
2026-09-23,09:30:00,14:00:00,東海市民体育館,カバディ,男子予選ラウンド ／ 女子予選ラウンド （４試合）,SOLD_OUT
2026-09-23,10:00:00,14:30:00,スカイホール豊田,卓球,混合ダブルス３回戦、４回戦 ／ 男子シングルス１回戦 ／ 女子シングルス１回戦 ／ 男子ダブルス１回戦,LIMITED
2026-09-23,10:00:00,12:00:00,吹上ホール,ウエイトリフティング,女子49kg級 グループB ／ 女子53kg級 グループB,BUY
2026-09-23,12:00:00,15:20:00,金城ふ頭駅前特設コート,3x3 バスケットボール,女子予選プール（4試合） ／ 男子予選プール（4試合）,BUY
2026-09-23,12:30:00,20:00:00,春日井市総合体育館,ハンドボール,女子予選ラウンド（4試合）,SOLD_OUT
2026-09-23,13:00:00,15:30:00,NGKホール,体操（体操）,男子団体 決勝 / 表彰式 / メダル,LIMITED
2026-09-23,13:30:00,19:20:00,吹上ホール,ウエイトリフティング,女子49kg級 グループA／表彰式 ／ 女子53kg級 グループA／表彰式 / メダル,LIMITED
2026-09-23,14:00:00,17:00:00,パロマ瑞穂アリーナ,セパタクロー,女子チームレグ 予選,LIMITED
2026-09-23,14:30:00,19:15:00,NGKアリーナ,水泳 (水球),女子総当たり戦（3試合）,BUY
2026-09-23,14:30:00,21:30:00,ウェーブスタジアム刈谷,サッカー,男子1次ラウンド（2試合）,BUY
2026-09-23,14:30:00,21:30:00,豊田スタジアム,サッカー,男子1次ラウンド（2試合）,BUY
2026-09-23,16:00:00,20:20:00,東海市民体育館,カバディ,男子予選ラウンド ／ 女子予選ラウンド （４試合）,SOLD_OUT
2026-09-23,17:00:00,22:00:00,スカイホール豊田,卓球,男子団体準決勝 ／ 女子団体準決勝,SOLD_OUT
2026-09-23,17:40:00,21:00:00,金城ふ頭駅前特設コート,3x3 バスケットボール,女子予選プール（4試合） ／ 男子予選プール（4試合）,BUY
2026-09-23,19:00:00,21:00:00,NGKホール,体操（体操）,女子団体 決勝 / 表彰式 / メダル,BUY
2026-09-23,19:30:00,21:30:00,愛知県武道館,武術太極拳,男子散打 準決勝 ／ 女子散打 準決勝,BUY
2026-09-24,09:00:00,12:00:00,パロマ瑞穂アリーナ,セパタクロー,男子チームレグ 準決勝,SOLD_OUT
2026-09-24,09:00:00,12:00:00,愛知県口論義運動公園,クリケット（T20）,男子予選ラウンド,BUY
2026-09-24,09:30:00,20:30:00,一宮市総合体育館,バドミントン,女子団体 決勝 ／ 表彰式 ／ 男子団体 決勝 ／ 表彰式 / メダル,SOLD_OUT
2026-09-24,09:30:00,12:00:00,愛知県武道館,武術太極拳,男子散打 決勝 ／ 女子散打 決勝 / メダル,BUY
2026-09-24,09:30:00,14:00:00,東海市民体育館,カバディ,男子予選ラウンド ／ 女子予選ラウンド （４試合）,SOLD_OUT
2026-09-24,10:00:00,21:15:00,IGアリーナ,バスケットボール,女子準々決勝 （4試合）,BUY
2026-09-24,10:00:00,14:10:00,スカイホール豊田,卓球,男子シングルス２回戦 ／ 女子ダブルス２回戦,LIMITED
2026-09-24,10:00:00,17:30:00,名古屋金城ふ頭アリーナ,スカッシュ,混合ダブルス2回戦 ／ 女子個人戦3回戦 ／ 男子個人戦3回戦,LIMITED
2026-09-24,10:00:00,12:00:00,吹上ホール,ウエイトリフティング,男子60kg級 グループB ／ 男子65kg級 グループB,SOLD_OUT
2026-09-24,12:00:00,15:20:00,金城ふ頭駅前特設コート,3x3 バスケットボール,女子準々決勝進出決定戦（4試合） ／ 男子準々決勝進出決定戦（4試合）,BUY
2026-09-24,13:30:00,19:20:00,吹上ホール,ウエイトリフティング,男子60kg級 グループA ／表彰式／ 男子65kg級 グループA／表彰式 / メダル,BUY
2026-09-24,14:00:00,17:00:00,パロマ瑞穂アリーナ,セパタクロー,女子チームレグ 準決勝,BUY
2026-09-24,14:00:00,17:00:00,愛知県口論義運動公園,クリケット（T20）,男子予選ラウンド,BUY
2026-09-24,15:45:00,21:15:00,NGKアリーナ,水泳 (水球),女子総当たり戦（3試合）,BUY
2026-09-24,16:00:00,20:20:00,東海市民体育館,カバディ,男子予選ラウンド ／ 女子予選ラウンド （４試合）,LIMITED
2026-09-24,16:50:00,22:30:00,パロマ瑞穂スタジアム,陸上競技（トラック/フィールド） ,メダル,BUY
2026-09-24,17:00:00,20:55:00,NGKホール,体操（体操）,男子種目別ゆか 決勝 / 表彰式 ／ 女子種目別跳馬 決勝 / 表彰式 ／ 男子種目別あん馬 決勝 / 表彰式 ／ 女子種目別段違い平行棒 決勝 / 表彰式 ／ 男子種目別つり輪 決勝 / 表彰式 / メダル,BUY
2026-09-24,17:00:00,22:30:00,スカイホール豊田,卓球,男子団体決勝、表彰式 ／ 女子団体決勝、表彰式 / メダル,SOLD_OUT
2026-09-24,17:40:00,21:00:00,金城ふ頭駅前特設コート,3x3 バスケットボール,女子準々決勝 （4試合） ／ 男子準々決勝（4試合）,BUY
2026-09-25,09:00:00,12:00:00,パロマ瑞穂アリーナ,セパタクロー,女子チームレグ 決勝 / メダル,SOLD_OUT
2026-09-25,09:00:00,12:00:00,愛知県口論義運動公園,クリケット（T20）,男子予選ラウンド,BUY
2026-09-25,09:30:00,20:30:00,一宮市総合体育館,バドミントン,女子シングルス 1回戦 ／ 男子シングルス 1回戦 ／ 男子ダブルス 1回戦 ／ 混合ダブルス 1回戦 ／ 女子ダブルス 1回戦,SOLD_OUT
2026-09-25,10:00:00,21:30:00,スカイホール豊田,卓球,混合ダブルス準々決勝、準決勝 ／ 男子シングルス３回戦 ／ 女子シングルス２回戦、３回戦 ／ 男子ダブルス２回戦、３回戦 ／ 女子ダブルス３回戦,SOLD_OUT
2026-09-25,10:00:00,13:40:00,パロマ瑞穂スタジアム,陸上競技（トラック/フィールド） ,メダル,BUY
2026-09-25,10:00:00,18:00:00,名古屋金城ふ頭アリーナ,スカッシュ,混合ダブルス準々決勝 ／ 女子個人戦準々決勝 ／ 男子個人戦準々決勝,LIMITED
2026-09-25,10:00:00,12:00:00,吹上ホール,ウエイトリフティング,女子57kg級 グループB ／ 女子61kg級 グループB,SOLD_OUT
2026-09-25,12:30:00,20:00:00,春日井市総合体育館,ハンドボール,男子予選ラウンド（4試合）,SOLD_OUT
2026-09-25,13:00:00,15:00:00,東海市民体育館,カバディ,男子準決勝 ／ 女子準決勝 （２試合）,SOLD_OUT
2026-09-25,13:00:00,14:40:00,金城ふ頭駅前特設コート,3x3 バスケットボール,女子準決勝 （2試合） ／ 男子準決勝 （2試合）,LIMITED
2026-09-25,13:30:00,19:20:00,吹上ホール,ウエイトリフティング,女子57kg級 グループA／表彰式 ／ 女子61kg級 グループA／表彰式 / メダル,LIMITED
2026-09-25,14:00:00,18:00:00,パロマ瑞穂アリーナ,セパタクロー,男子チームレグ 決勝・表彰式 ／女子チームレグ 表彰式 / メダル,SOLD_OUT
2026-09-25,14:00:00,21:30:00,パロマ瑞穂ラグビー場,サッカー,男子準々決勝（2試合）,BUY
2026-09-25,14:00:00,17:00:00,愛知県口論義運動公園,クリケット（T20）,男子予選ラウンド,BUY
2026-09-25,15:00:00,18:55:00,NGKホール,体操（体操）,男子種目別跳馬 決勝 / 表彰式 ／ 女子種目別平均台 決勝 / 表彰式 ／ 男子種目別平行棒 決勝 / 表彰式 ／ 女子種目別ゆか 決勝 / 表彰式 ／ 男子種目別鉄棒 決勝 / 表彰式 / メダル,LIMITED
2026-09-25,16:00:00,21:15:00,IGアリーナ,バスケットボール,女子準決勝 （2試合）,BUY
2026-09-25,17:40:00,22:30:00,パロマ瑞穂スタジアム,陸上競技（トラック/フィールド） ,メダル,LIMITED
2026-09-25,18:00:00,20:00:00,東海市民体育館,カバディ,男子準決勝 ／ 女子準決勝 （２試合）,SOLD_OUT
2026-09-25,18:00:00,20:35:00,金城ふ頭駅前特設コート,3x3 バスケットボール,女子3位決定戦 ／ 男子3位決定戦 ／ 女子決勝戦 ／ 男子決勝戦 / メダル,SOLD_OUT
2026-09-26,07:30:00,12:30:00,パロマ瑞穂スタジアム,陸上競技（トラック/フィールド） ,メダル,BUY
2026-09-26,09:00:00,12:00:00,愛知県口論義運動公園,クリケット（T20）,男子予選ラウンド,BUY
2026-09-26,09:30:00,20:30:00,一宮市総合体育館,バドミントン,女子シングルス 2回戦 ／ 男子シングルス 2回戦 ／ 男子ダブルス 2回戦 ／ 混合ダブルス 2回戦 ／ 女子ダブルス 2回戦,LIMITED
2026-09-26,10:00:00,13:00:00,スカイホール豊田,卓球,男子シングルス４回戦 ／ 女子シングルス４回戦,SOLD_OUT
2026-09-26,10:00:00,12:00:00,吹上ホール,ウエイトリフティング,男子70kg級 グループB ／ 男子75kg級 グループB,BUY
2026-09-26,12:00:00,17:30:00,名古屋金城ふ頭アリーナ,スカッシュ,混合ダブルス準決勝 ／ 女子個人戦準決勝 ／ 男子個人戦準決勝,SOLD_OUT
2026-09-26,13:00:00,14:45:00,東海市民体育館,カバディ,女子決勝 ／ 表彰式 / メダル,SOLD_OUT
2026-09-26,13:30:00,19:20:00,吹上ホール,ウエイトリフティング,男子70kg級 グループA ／表彰式／ 男子75kg級 グループA／表彰式 / メダル,SOLD_OUT
2026-09-26,13:30:00,19:00:00,春日井市総合体育館,ハンドボール,男子予選ラウンド（3試合）,SOLD_OUT
2026-09-26,14:00:00,17:00:00,愛知県口論義運動公園,クリケット（T20）,男子予選ラウンド,BUY
2026-09-26,14:15:00,19:00:00,NGKアリーナ,水泳 (水球),男子予選ステージ（3試合）,BUY
2026-09-26,15:00:00,21:30:00,豊田スタジアム,サッカー,男子準々決勝（2試合）,BUY
2026-09-26,15:30:00,20:30:00,スカイホール豊田,卓球,男子ダブルス準々決勝 ／ 女子シングルス準々決勝 ／ 男子シングルス準々決勝 ／ 女子ダブルス準々決勝 ／ 混合ダブルス決勝、表彰式 / メダル,SOLD_OUT
2026-09-26,16:00:00,21:15:00,IGアリーナ,バスケットボール,女子3位決定戦 ／ 女子決勝 / メダル,LIMITED
2026-09-26,17:00:00,22:30:00,パロマ瑞穂スタジアム,陸上競技（トラック/フィールド） ,メダル,LIMITED
2026-09-26,18:00:00,19:45:00,東海市民体育館,カバディ,男子決勝 ／ 表彰式 / メダル,SOLD_OUT
2026-09-27,09:00:00,14:45:00,NGKホール,体操 (トランポリン),男子 予選 ／ 決勝 ／ 表彰式 / メダル,BUY
2026-09-27,09:00:00,11:00:00,パロマ瑞穂アリーナ,セパタクロー,男子レグ 予選 ／ 女子ダブル 予選,SOLD_OUT
2026-09-27,09:30:00,20:30:00,一宮市総合体育館,バドミントン,女子シングルス 準々決勝 ／ 男子シングルス 準々決勝 ／ 男子ダブルス 準々決勝 ／ 混合ダブルス 準々決勝 ／ 女子ダブルス 準々決勝,SOLD_OUT
2026-09-27,09:30:00,17:30:00,愛知県武道館,コンバットスポーツ (クラッシュ),女子予選ラウンド（－57㎏） ／ 男子予選ラウンド（＋90㎏） ／ 女子決勝ラウンド（－57㎏） ／ 男子決勝ラウンド（＋90㎏） / メダル,BUY
2026-09-27,10:00:00,12:00:00,吹上ホール,ウエイトリフティング,女子69kg級 グループB ／ 女子77kg級 グループB,BUY
2026-09-27,10:00:00,21:00:00,小牧市スポーツ公園総合体育館,バレーボール,男子ファーストラウンド（4試合）,LIMITED
2026-09-27,10:00:00,21:00:00,東山公園テニスセンター,テニス,男子シングルス１回戦 ／ 男子ダブルス１回戦 ／ 女子シングルス１回戦 ／ 女子ダブルス１回戦,LIMITED
2026-09-27,12:00:00,15:00:00,スカイホール豊田,卓球,男子ダブルス準決勝 ／ 女子シングルス準決勝,SOLD_OUT
2026-09-27,12:00:00,18:00:00,名古屋金城ふ頭アリーナ,スカッシュ,女子個人戦3、4位決定戦 ／ 男子個人戦3、4位決定戦 ／ 混合ダブルス決勝 ／ 男子個人戦決勝 ／ 女子個人戦決勝 ／ 表彰式 / メダル,SOLD_OUT
2026-09-27,13:30:00,19:20:00,吹上ホール,ウエイトリフティング,女子69kg級 グループA／表彰式 ／ 女子77kg級 グループA／表彰式 / メダル,BUY
2026-09-27,14:00:00,16:00:00,パロマ瑞穂アリーナ,セパタクロー,男子レグ 予選 ／ 女子ダブル 予選,SOLD_OUT
2026-09-27,14:15:00,19:00:00,NGKアリーナ,水泳 (水球),男子予選ステージ（3試合）,BUY
2026-09-27,16:00:00,21:45:00,NGKホール,体操 (トランポリン),女子 予選 ／ 決勝 ／ 表彰式 / メダル,BUY
2026-09-27,18:00:00,22:30:00,パロマ瑞穂スタジアム,陸上競技（トラック/フィールド） ,メダル,LIMITED
2026-09-27,19:00:00,21:30:00,スカイホール豊田,卓球,男子ダブルス決勝、表彰式 ／ 女子シングルス決勝、表彰式 / メダル,SOLD_OUT
2026-09-28,09:00:00,11:00:00,パロマ瑞穂アリーナ,セパタクロー,男子レグ 予選／ 女子ダブル 予選,SOLD_OUT
2026-09-28,09:00:00,21:00:00,名古屋金城ふ頭アリーナ,スカッシュ,女子団体戦プールマッチ ／ 男子団体戦プールマッチ,BUY
2026-09-28,09:00:00,12:00:00,愛知県口論義運動公園,クリケット（T20）,男子準々決勝,BUY
2026-09-28,09:30:00,20:30:00,一宮市総合体育館,バドミントン,女子シングルス 準決勝 ／ 男子シングルス 準決勝 ／ 男子ダブルス 準決勝 ／ 混合ダブルス 準決勝 ／ 女子ダブルス 準決勝,SOLD_OUT
2026-09-28,09:30:00,17:30:00,愛知県武道館,コンバットスポーツ (クラッシュ),女子予選ラウンド（－78㎏） ／ 男子予選ラウンド（－81㎏） ／ 女子決勝ラウンド（－78㎏） ／ 男子決勝ラウンド（－81㎏） / メダル,BUY
2026-09-28,10:00:00,12:00:00,吹上ホール,ウエイトリフティング,男子85kg級 グループB ／ 男子95kg級 グループB,LIMITED
2026-09-28,10:00:00,21:00:00,小牧市スポーツ公園総合体育館,バレーボール,男子ファーストラウンド（4試合）,LIMITED
2026-09-28,10:00:00,21:00:00,東山公園テニスセンター,テニス,男子シングルス２回戦 ／ 男子ダブルス2回戦 ／ 女子シングルス２回戦 ／ 女子ダブルス２回戦 ／ 男女混合ダブルス１回戦,LIMITED
2026-09-28,12:00:00,15:00:00,スカイホール豊田,卓球,男子シングルス準決勝 ／ 女子ダブルス準決勝,SOLD_OUT
2026-09-28,13:30:00,19:20:00,吹上ホール,ウエイトリフティング,男子85kg級 グループA／表彰式 ／ 男子95kg級 グループA／表彰式 / メダル,BUY
2026-09-28,14:00:00,16:00:00,パロマ瑞穂アリーナ,セパタクロー,男子レグ 準決勝 ／ 女子ダブル 準決勝,SOLD_OUT
2026-09-28,14:00:00,17:00:00,愛知県口論義運動公園,クリケット（T20）,男子準々決勝,BUY
2026-09-28,15:50:00,20:35:00,NGKアリーナ,水泳 (水球),男子予選ステージ（3試合）,BUY
2026-09-28,18:00:00,22:30:00,パロマ瑞穂スタジアム,陸上競技（トラック/フィールド） ,メダル,LIMITED
2026-09-28,19:00:00,21:30:00,スカイホール豊田,卓球,男子シングルス決勝、表彰式 ／ 女子ダブルス決勝、表彰式 / メダル,SOLD_OUT
2026-09-29,09:00:00,13:00:00,パロマ瑞穂アリーナ,セパタクロー,男子レグ 決勝／ 女子ダブル 決勝／男子レグ、女子ダブル表彰式 / メダル,SOLD_OUT
2026-09-29,09:00:00,12:00:00,愛知県口論義運動公園,クリケット（T20）,男子準々決勝,BUY
2026-09-29,09:30:00,14:50:00,吹上ホール,ウエイトリフティング,女子86kg級 グループA／表彰式 ／ 男子110kg級 グループA／表彰式 / メダル,SOLD_OUT
2026-09-29,09:30:00,17:30:00,愛知県武道館,コンバットスポーツ (クラッシュ),女子予選ラウンド（＋87㎏） ／ 男子予選ラウンド（ー66㎏） ／ 女子決勝ラウンド（＋87㎏） ／ 男子決勝ラウンド（ー66㎏） / メダル,BUY
2026-09-29,10:00:00,18:00:00,名古屋金城ふ頭アリーナ,スカッシュ,女子団体戦プールマッチ ／ 男子団体戦プールマッチ,BUY
2026-09-29,10:00:00,21:00:00,小牧市スポーツ公園総合体育館,バレーボール,男子ファーストラウンド（4試合）,LIMITED
2026-09-29,10:00:00,21:00:00,東山公園テニスセンター,テニス,男子シングルス２回戦 ／ 男子ダブルス３回戦 ／ 女子シングルス３回戦 ／ 女子ダブルス２回戦 ／ 男女混合ダブルス２回戦,LIMITED
2026-09-29,11:00:00,19:00:00,一宮市総合体育館,バドミントン,女子シングルス 決勝 ／ 表彰式 ／ 男子シングルス 決勝 ／ 表彰式 ／ 男子ダブルス 決勝 ／ 表彰式 ／ 混合ダブルス 決勝 ／ 表彰式 ／ 女子ダブルス 決勝 ／ 表彰式 / メダル,SOLD_OUT
2026-09-29,14:00:00,17:00:00,愛知県口論義運動公園,クリケット（T20）,男子準々決勝,BUY
2026-09-29,14:15:00,20:35:00,NGKアリーナ,水泳 (水球),男子予選ステージ（4試合）,BUY
2026-09-29,16:20:00,21:20:00,吹上ホール,ウエイトリフティング,女子＋86kg級 グループA ／表彰式／ 男子＋110kg級 グループA／表彰式 / メダル,BUY
2026-09-29,17:15:00,22:30:00,パロマ瑞穂スタジアム,陸上競技（トラック/フィールド） ,メダル,LIMITED
2026-09-30,06:30:00,17:30:00,春日井カントリークラブ 東コース,ゴルフ,男子＆女子 第1ラウンド（個人戦・団体戦）,SOLD_OUT
2026-09-30,09:00:00,11:00:00,パロマ瑞穂アリーナ,セパタクロー,男子クワッド 予選 ／ 女子クワッド 予選,SOLD_OUT
2026-09-30,10:00:00,20:00:00,名古屋金城ふ頭アリーナ,スカッシュ,女子団体戦プールマッチ ／ 男子団体戦準々決勝 ／ 女子団体戦準々決勝,BUY
2026-09-30,10:00:00,21:00:00,東山公園テニスセンター,テニス,男子シングルス３回戦 ／ 男子ダブルス準々決勝 ／ 女子シングルス準々決勝 ／ 女子ダブルス３回戦 ／ 男女混合ダブルス３回戦,BUY
2026-09-30,11:00:00,14:00:00,IGアリーナ,柔道,予選・敗者復活戦・準決勝 ／ 女子 -48kg / 女子 -52kg ／ 男子 -60kg / 男子 -66kg,BUY
2026-09-30,14:00:00,16:00:00,パロマ瑞穂アリーナ,セパタクロー,男子クワッド 予選 ／ 女子クワッド 予選,LIMITED
2026-09-30,15:50:00,20:35:00,NGKアリーナ,水泳 (水球),男子予選ステージ（3試合）,BUY
2026-09-30,17:00:00,19:30:00,IGアリーナ,柔道,3位決定戦・決勝・表彰式 ／ 女子 -48kg / 女子 -52kg ／ 男子 -60kg / 男子 -66kg / メダル,BUY
2026-10-01,06:30:00,17:30:00,春日井カントリークラブ 東コース,ゴルフ,男子＆女子 第2ラウンド（個人戦・団体戦）,SOLD_OUT
2026-10-01,09:00:00,11:00:00,パロマ瑞穂アリーナ,セパタクロー,男子クワッド 予選 ／ 女子クワッド 予選,SOLD_OUT
2026-10-01,09:00:00,19:15:00,パロマ瑞穂ラグビー場,ラグビー（ラグビー7s）,男子予選ラウンド （12試合） ／ 女子予選ラウンド （8試合）,BUY
2026-10-01,09:00:00,12:00:00,愛知県口論義運動公園,クリケット（T20）,男子準決勝,BUY
2026-10-01,09:00:00,18:30:00,愛知県武道館,コンバットスポーツ (柔術),"予選・敗者復活戦・準決勝 ／ 三位決定戦・決勝・表彰式 ／ 女子 -48kg ／ 男子 -62kg, -69kg / メダル",BUY
2026-10-01,10:00:00,18:30:00,NGKホール,体操 (新体操),個人 予選,BUY
2026-10-01,10:00:00,21:00:00,小牧市スポーツ公園総合体育館,バレーボール,男子9位-16位決定戦（4試合）,LIMITED
2026-10-01,10:00:00,21:00:00,東山公園テニスセンター,テニス,男子シングルス準々決勝 ／ 男子ダブルス準決勝 ／ 女子シングルス準決勝 ／ 女子ダブルス準々決勝 ／ 男女混合ダブルス準々決勝,LIMITED
2026-10-01,10:30:00,20:30:00,名古屋金城ふ頭アリーナ,スカッシュ,男子団体戦準決勝 ／ 女子団体戦準決勝,BUY
2026-10-01,11:00:00,14:00:00,IGアリーナ,柔道,予選・敗者復活戦・準決勝 ／ 女子 -57kg / 女子 -63kg / 女子 -70kg ／ 男子 -73kg / 男子 -81kg,BUY
2026-10-01,14:00:00,16:00:00,パロマ瑞穂アリーナ,セパタクロー,男子クワッド 予選 ／ 女子クワッド 予選,LIMITED
2026-10-01,14:00:00,17:00:00,愛知県口論義運動公園,クリケット（T20）,男子準決勝,BUY
2026-10-01,14:15:00,20:35:00,NGKアリーナ,水泳 (水球),男子準々決勝（4試合）,SOLD_OUT
2026-10-01,17:00:00,19:30:00,IGアリーナ,柔道,3位決定戦・決勝・表彰式 ／ 女子 -57kg / 女子 -63kg / 女子 -70kg ／ 男子 -73kg / 男子 -81kg / メダル,BUY
2026-10-02,06:30:00,17:30:00,春日井カントリークラブ 東コース,ゴルフ,男子＆女子 第3ラウンド（個人戦・団体戦）,SOLD_OUT
2026-10-02,09:00:00,11:00:00,パロマ瑞穂アリーナ,セパタクロー,男子クワッド 予選 ／ 女子クワッド 予選,SOLD_OUT
2026-10-02,09:00:00,16:00:00,パロマ瑞穂ラグビー場,ラグビー（ラグビー7s）,男子9位-12位決定戦 （2試合） ／ 男子準々決勝 （4試合） ／ 女子予選ラウンド （4試合） ／ 男子9位-12位決定戦 （2試合）,BUY
2026-10-02,09:00:00,18:30:00,愛知県武道館,コンバットスポーツ (柔術),"予選・敗者復活戦・準決勝 ／ 三位決定戦・決勝・表彰式 ／ 女子 -52kg ／ 男子 -77kg, -94kg / メダル",BUY
2026-10-02,10:00:00,21:00:00,小牧市スポーツ公園総合体育館,バレーボール,男子9位-16位決定戦（4試合）,LIMITED
2026-10-02,10:00:00,21:00:00,東山公園テニスセンター,テニス,男子シングルス準決勝 ／ 男子ダブルス決勝 ／ 女子シングルス決勝 ／ 女子ダブルス準決勝 ／ 男女混合ダブルス準決勝／メダル,LIMITED
2026-10-02,11:00:00,14:00:00,IGアリーナ,柔道,予選・敗者復活戦・準決勝 ／ 女子 -78kg / 女子 +78kg ／ 男子 -90kg / 男子 -100kg /男子 +100kg,BUY
2026-10-02,13:30:00,19:00:00,名古屋金城ふ頭アリーナ,スカッシュ,女子団体戦決勝 ／ 男子団体戦決勝 ／ 表彰式 / メダル,BUY
2026-10-02,14:00:00,16:00:00,パロマ瑞穂アリーナ,セパタクロー,男子クワッド 準決勝 ／ 女子クワッド 準決勝,SOLD_OUT
2026-10-02,14:15:00,20:35:00,NGKアリーナ,水泳 (水球),男子5-8位決定戦 （2試合）/ 男子準決勝 （2試合）,BUY
2026-10-02,17:00:00,19:30:00,IGアリーナ,柔道,3位決定戦・決勝・表彰式 ／ 女子 -78kg / 女子 +78kg ／ 男子 -90kg / 男子 -100kg /男子 +100kg / メダル,BUY
2026-10-02,18:00:00,20:45:00,NGKホール,体操 (新体操),団体 予選,BUY
2026-10-03,06:30:00,18:00:00,春日井カントリークラブ 東コース,ゴルフ,男子＆女子 第4ラウンド（個人戦・団体戦）／ 表彰式 / メダル,LIMITED
2026-10-03,09:00:00,13:00:00,パロマ瑞穂アリーナ,セパタクロー,男子クワッド 決勝 ／ 女子クワッド 決勝／ 男子クワッド、女子クワッド表彰式 / メダル,SOLD_OUT
2026-10-03,09:00:00,19:15:00,パロマ瑞穂ラグビー場,ラグビー（ラグビー7s）,男子5位-8位決定戦（2試合） ／ 男子準決勝（2試合） ／ 女子5位-8位決定戦（2試合） ／ 女子準決勝（2試合） ／ 男子9位-12位決定戦（2試合） ／ 女子7位決定戦 ／ メダル女子5位決定戦 ／ 男子7位決定戦 ／ 男子5位決定戦 ／ 女子3位決定戦 ／ 男子3位決定戦 ／ 女子決勝 ／ 男子決勝 / ,LIMITED
2026-10-03,09:00:00,12:00:00,愛知県口論義運動公園,クリケット（T20）,男子3位決定戦 / メダル,BUY
2026-10-03,09:00:00,16:30:00,愛知県武道館,コンバットスポーツ (柔術),予選・敗者復活戦・準決勝 ／ 三位決定戦・決勝・表彰式 ／ 女子 -63kg ／ 男子 -85kg / メダル,BUY
2026-10-03,10:00:00,21:00:00,小牧市スポーツ公園総合体育館,バレーボール,男子9位-16位決定戦（4試合）,LIMITED
2026-10-03,10:00:00,21:00:00,東山公園テニスセンター,テニス, 男子シングルス決勝 ／ 女子ダブルス決勝 ／  男女混合ダブルス決勝 / メダル,LIMITED
2026-10-03,11:00:00,14:00:00,IGアリーナ,柔道,予選・敗者復活戦・準決勝 ／ 男女混合団体,BUY
2026-10-03,13:00:00,16:15:00,NGKホール,体操 (新体操),個人 決勝 / メダル,LIMITED
2026-10-03,14:00:00,17:00:00,愛知県口論義運動公園,クリケット（T20）,男子決勝 / メダル,SOLD_OUT
2026-10-03,14:15:00,21:15:00,NGKアリーナ,水泳 (水球),男子7位決定戦 / 男子5位決定戦 / 男子3位決定戦 / 男子決勝 / メダル,LIMITED
2026-10-03,15:00:00,21:30:00,豊田スタジアム,サッカー,男子3位決定戦 ／ 男子決勝戦 ／ 表彰式 / メダル,LIMITED
2026-10-03,17:00:00,19:30:00,IGアリーナ,柔道,3位決定戦・決勝・表彰式 ／ 男女混合団体 / メダル,BUY
2026-10-03,19:00:00,21:15:00,NGKホール,体操 (新体操),団体 決勝 / メダル,LIMITED
2026-10-04,18:00:00,19:30:00,パロマ瑞穂スタジアム,閉会式,セレモニー,LIMITED
