english_name,japanese_name
Aichi International Arena,IGアリーナ
Aichi Prefectural General Shooting Gallery,愛知県総合射撃場
Aichi Prefectural Martial Arts Hall,愛知県武道館
Cycle Sports Center 5km Circuit Course,日本サイクルスポーツセンター 5kmサーキット
Ichinomiya City Municipal Gymnasium,一宮市総合体育館
Izu Velodrome,伊豆ベロドローム
Nagoya City General Gymnasium [Rainbow Hall],NGKホール
Nagoya City General Gymnasium [Rainbow Pool],NGKアリーナ
Nagoya City Higashiyama Park Tennis Center,東山公園テニスセンター
Nagoya City Inae Sports Center,名古屋市稲永スポーツセンター
Nagoya City Mizuho Park Athletic Stadium,パロマ瑞穂スタジアム
Nagoya City Mizuho Park Gymnasium,パロマ瑞穂アリーナ
Nagoya City Trade and Industry Center,吹上ホール
Nagoya City Tsuruma Park Multipurpose Sports Field [Terraspo Tsuruma],テラスポ鶴舞
Okazaki Chuo Sogo Park Gymnasium,岡崎中央総合公園 総合体育館
Okazaki Chuo Sogo Park Multipurpose Square,岡崎中央総合公園 多目的広場
SKY HALL TOYOTA,スカイホール豊田
Toyohashi Gymnasium,豊橋市総合体育館
WING ARENA KARIYA,ウィングアリーナ刈谷
