snapshot_date,event_type,idProduct,idPerformance,eventCategory,sessionCode,idVenue,date,time,end_time,venue,event_name,event_category_name,session_name,session_info,availability_status,selling_status,is_sellable,source,venue_match,venue_master_name,venue_pref,venue_address,venue_comp,venue_events,selection_area,db_display_name,selection_grade,demand_point,candidate_status
2026-08-10,competition,8,8,14,BKB01,14,2026-09-10,10:00:00,21:15:00,愛知国際アリーナ,バスケットボール,バスケットボール,バスケットボール - BKB01,男子予選フェーズ （4試合）,LIMITED,BUY,True,https://generalsale.tickets-aichi-nagoya2026.org/getFilteredProductsJSON.th?eventCategoryFather=3,exact,愛知国際アリーナ,愛知,〒462-0846 愛知県名古屋市北区名城１丁目２−２,バスケットボール、柔道,バスケットボール、柔道,名古屋・東区,IGアリーナ,◎,大規模会場・最重要,selected_master_match
2026-08-10,competition,9,9,14,BKB02,14,2026-09-11,10:00:00,21:15:00,愛知国際アリーナ,バスケットボール,バスケットボール,バスケットボール - BKB02,男子予選フェーズ （4試合）,LIMITED,BUY,True,https://generalsale.tickets-aichi-nagoya2026.org/getFilteredProductsJSON.th?eventCategoryFather=3,exact,愛知国際アリーナ,愛知,〒462-0846 愛知県名古屋市北区名城１丁目２−２,バスケットボール、柔道,バスケットボール、柔道,名古屋・東区,IGアリーナ,◎,大規模会場・最重要,selected_master_match
2026-08-10,competition,10,10,14,BKB03,14,2026-09-12,10:00:00,21:15:00,愛知国際アリーナ,バスケットボール,バスケットボール,バスケットボール - BKB03,男子予選フェーズ （4試合）,LIMITED,BUY,True,https://generalsale.tickets-aichi-nagoya2026.org/getFilteredProductsJSON.th?eventCategoryFather=3,exact,愛知国際アリーナ,愛知,〒462-0846 愛知県名古屋市北区名城１丁目２−２,バスケットボール、柔道,バスケットボール、柔道,名古屋・東区,IGアリーナ,◎,大規模会場・最重要,selected_master_match
2026-08-10,competition,11,11,14,BKB04,14,2026-09-13,10:00:00,21:15:00,愛知国際アリーナ,バスケットボール,バスケットボール,バスケットボール - BKB04,男子予選フェーズ （4試合）,LIMITED,BUY,True,https://generalsale.tickets-aichi-nagoya2026.org/getFilteredProductsJSON.th?eventCategoryFather=3,exact,愛知国際アリーナ,愛知,〒462-0846 愛知県名古屋市北区名城１丁目２−２,バスケットボール、柔道,バスケットボール、柔道,名古屋・東区,IGアリーナ,◎,大規模会場・最重要,selected_master_match
2026-08-10,competition,12,12,14,BKB05,14,2026-09-14,10:00:00,15:15:00,愛知国際アリーナ,バスケットボール,バスケットボール,バスケットボール - BKB05,男子予選フェーズ （2試合）,BUY,BUY,True,https://generalsale.tickets-aichi-nagoya2026.org/getFilteredProductsJSON.th?eventCategoryFather=3,exact,愛知国際アリーナ,愛知,〒462-0846 愛知県名古屋市北区名城１丁目２−２,バスケットボール、柔道,バスケットボール、柔道,名古屋・東区,IGアリーナ,◎,大規模会場・最重要,selected_master_match
2026-08-10,competition,314,314,32,FBL06,43,2026-09-15,15:30:00,21:00:00,名古屋市港サッカー場,サッカー,サッカー,サッカー - FBL06,男子1次ラウンド（2試合）,BUY,BUY,True,https://generalsale.tickets-aichi-nagoya2026.org/getFilteredProductsJSON.th?eventCategoryFather=3,exact,名古屋市港サッカー場,愛知,〒455-0845 愛知県名古屋市港区野跡４丁目１１−１２,サッカー,サッカー,名古屋・港区,CSアセット港サッカー場,◎,市内会場,selected_master_match
2026-08-10,competition,313,313,32,FBL05,46,2026-09-15,19:30:00,21:30:00,名古屋市瑞穂公園ラグビー場,サッカー,サッカー,サッカー - FBL05,男子1次ラウンド（1試合）,BUY,BUY,True,https://generalsale.tickets-aichi-nagoya2026.org/getFilteredProductsJSON.th?eventCategoryFather=3,exact,名古屋市瑞穂公園ラグビー場,愛知,〒467-0062 愛知県名古屋市瑞穂区山下通５丁目４,サッカー、ラグビー,サッカー、ラグビー７s,名古屋・瑞穂区,パロマ瑞穂ラグビー場,◎,観客集中,selected_master_match
2026-08-10,competition,13,13,14,BKB06,14,2026-09-16,10:00:00,21:15:00,愛知国際アリーナ,バスケットボール,バスケットボール,バスケットボール - BKB06,男子準々決勝 （4試合）,LIMITED,BUY,True,https://generalsale.tickets-aichi-nagoya2026.org/getFilteredProductsJSON.th?eventCategoryFather=3,exact,愛知国際アリーナ,愛知,〒462-0846 愛知県名古屋市北区名城１丁目２−２,バスケットボール、柔道,バスケットボール、柔道,名古屋・東区,IGアリーナ,◎,大規模会場・最重要,selected_master_match
2026-08-10,competition,184,184,55,VVO01,57,2026-09-16,10:00:00,21:20:00,小牧市スポーツ公園総合体育館,バレーボール,バレーボール,バレーボール - VVO01,女子ファーストラウンド（4試合）,LIMITED,BUY,True,https://generalsale.tickets-aichi-nagoya2026.org/getFilteredProductsJSON.th?eventCategoryFather=3,exact,小牧市スポーツ公園総合体育館,愛知,〒485-0016 愛知県小牧市間々原新田７３７ パークアリーナ内,バレーボール,バレーボール,小牧,小牧市スポーツ公園総合体育館,○,北部営業圏へ波,selected_master_match
2026-08-10,competition,316,316,32,FBL08,67,2026-09-16,14:00:00,21:00:00,ウェーブスタジアム刈谷,サッカー,サッカー,サッカー - FBL08,男子1次ラウンド（2試合）,BUY,BUY,True,https://generalsale.tickets-aichi-nagoya2026.org/getFilteredProductsJSON.th?eventCategoryFather=3,exact,ウェーブスタジアム刈谷,愛知,〒448-0011 愛知県刈谷市築地町荒田１,サッカー,サッカー,刈谷,ウェーブスタジアム刈谷,○,名古屋への交通需要波及,selected_master_match
2026-08-10,competition,315,315,32,FBL07,66,2026-09-16,16:00:00,21:30:00,豊田スタジアム,サッカー,サッカー,サッカー - FBL07,男子1次ラウンド（2試合）,BUY,BUY,True,https://generalsale.tickets-aichi-nagoya2026.org/getFilteredProductsJSON.th?eventCategoryFather=3,exact,豊田スタジアム,愛知,〒471-0016 愛知県豊田市千石町７丁目２,サッカー,サッカー,豊田,豊田スタジアム,○,大規模会場のため採用,selected_master_match
2026-08-10,competition,471,471,23,CKT01,34,2026-09-17,09:00:00,12:00:00,愛知県口論義運動公園,クリケット（T20）,クリケット（T20）,クリケット (T20) - CKT01,女子準々決勝,BUY,BUY,True,https://generalsale.tickets-aichi-nagoya2026.org/getFilteredProductsJSON.th?eventCategoryFather=3,exact,愛知県口論義運動公園,愛知,〒470-0103 愛知県日進市北新町西口論義３２３−８,クリケット,クリケット,日進,愛知県口論義運動公園,○,名古屋東部から近い,selected_master_match
2026-08-10,competition,186,186,55,VVO03,57,2026-09-17,10:00:00,21:20:00,小牧市スポーツ公園総合体育館,バレーボール,バレーボール,バレーボール - VVO03,女子ファーストラウンド（4試合）,LIMITED,BUY,True,https://generalsale.tickets-aichi-nagoya2026.org/getFilteredProductsJSON.th?eventCategoryFather=3,exact,小牧市スポーツ公園総合体育館,愛知,〒485-0016 愛知県小牧市間々原新田７３７ パークアリーナ内,バレーボール,バレーボール,小牧,小牧市スポーツ公園総合体育館,○,北部営業圏へ波,selected_master_match
2026-08-10,competition,14,14,14,BKB07,14,2026-09-17,13:00:00,21:15:00,愛知国際アリーナ,バスケットボール,バスケットボール,バスケットボール - BKB07,女子予選フェーズ （3試合）,BUY,BUY,True,https://generalsale.tickets-aichi-nagoya2026.org/getFilteredProductsJSON.th?eventCategoryFather=3,exact,愛知国際アリーナ,愛知,〒462-0846 愛知県名古屋市北区名城１丁目２−２,バスケットボール、柔道,バスケットボール、柔道,名古屋・東区,IGアリーナ,◎,大規模会場・最重要,selected_master_match
2026-08-10,competition,472,472,23,CKT02,34,2026-09-17,14:00:00,17:00:00,愛知県口論義運動公園,クリケット（T20）,クリケット（T20）,クリケット (T20) - CKT02,女子準々決勝,BUY,BUY,True,https://generalsale.tickets-aichi-nagoya2026.org/getFilteredProductsJSON.th?eventCategoryFather=3,exact,愛知県口論義運動公園,愛知,〒470-0103 愛知県日進市北新町西口論義３２３−８,クリケット,クリケット,日進,愛知県口論義運動公園,○,名古屋東部から近い,selected_master_match
2026-08-10,competition,352,352,52,TST01,41,2026-09-18,09:00:00,18:45:00,名古屋市東山公園テニスセンター,ソフトテニス,ソフトテニス,ソフトテニス - TST01,男子団体 ／ 予選ラウンド～準々決勝   ／ 女子団体 ／ 予選ラウンド～準々決勝,LIMITED,BUY,True,https://generalsale.tickets-aichi-nagoya2026.org/getFilteredProductsJSON.th?eventCategoryFather=3,exact,名古屋市東山公園テニスセンター,愛知,〒468-0071 愛知県名古屋市天白区天白町大字八事裏山６０−１９,テニス,テニス、ソフトテニス,名古屋・千種区,東山公園テニスセンター,◎,市内会場,selected_master_match
2026-08-10,competition,473,473,23,CKT03,34,2026-09-18,09:00:00,12:00:00,愛知県口論義運動公園,クリケット（T20）,クリケット（T20）,クリケット (T20) - CKT03,女子準々決勝,BUY,BUY,True,https://generalsale.tickets-aichi-nagoya2026.org/getFilteredProductsJSON.th?eventCategoryFather=3,exact,愛知県口論義運動公園,愛知,〒470-0103 愛知県日進市北新町西口論義３２３−８,クリケット,クリケット,日進,愛知県口論義運動公園,○,名古屋東部から近い,selected_master_match
2026-08-10,competition,15,15,14,BKB08,14,2026-09-18,10:00:00,21:15:00,愛知国際アリーナ,バスケットボール,バスケットボール,バスケットボール - BKB08,女子予選フェーズ （2試合） ／ 男子準決勝 （2試合）,LIMITED,BUY,True,https://generalsale.tickets-aichi-nagoya2026.org/getFilteredProductsJSON.th?eventCategoryFather=3,exact,愛知国際アリーナ,愛知,〒462-0846 愛知県名古屋市北区名城１丁目２−２,バスケットボール、柔道,バスケットボール、柔道,名古屋・東区,IGアリーナ,◎,大規模会場・最重要,selected_master_match
2026-08-10,competition,188,188,55,VVO05,57,2026-09-18,10:00:00,21:20:00,小牧市スポーツ公園総合体育館,バレーボール,バレーボール,バレーボール - VVO05,女子ファーストラウンド（4試合）,LIMITED,BUY,True,https://generalsale.tickets-aichi-nagoya2026.org/getFilteredProductsJSON.th?eventCategoryFather=3,exact,小牧市スポーツ公園総合体育館,愛知,〒485-0016 愛知県小牧市間々原新田７３７ パークアリーナ内,バレーボール,バレーボール,小牧,小牧市スポーツ公園総合体育館,○,北部営業圏へ波,selected_master_match
2026-08-10,competition,474,474,23,CKT04,34,2026-09-18,14:00:00,17:00:00,愛知県口論義運動公園,クリケット（T20）,クリケット（T20）,クリケット (T20) - CKT04,女子準々決勝,BUY,BUY,True,https://generalsale.tickets-aichi-nagoya2026.org/getFilteredProductsJSON.th?eventCategoryFather=3,exact,愛知県口論義運動公園,愛知,〒470-0103 愛知県日進市北新町西口論義３２３−８,クリケット,クリケット,日進,愛知県口論義運動公園,○,名古屋東部から近い,selected_master_match
2026-08-10,competition,322,322,32,FBL14,43,2026-09-18,15:30:00,21:00:00,名古屋市港サッカー場,サッカー,サッカー,サッカー - FBL14,男子1次ラウンド（2試合）,BUY,BUY,True,https://generalsale.tickets-aichi-nagoya2026.org/getFilteredProductsJSON.th?eventCategoryFather=3,exact,名古屋市港サッカー場,愛知,〒455-0845 愛知県名古屋市港区野跡４丁目１１−１２,サッカー,サッカー,名古屋・港区,CSアセット港サッカー場,◎,市内会場,selected_master_match
2026-08-10,competition,321,321,32,FBL13,46,2026-09-18,19:30:00,21:30:00,名古屋市瑞穂公園ラグビー場,サッカー,サッカー,サッカー - FBL13,男子1次ラウンド（1試合）,BUY,BUY,True,https://generalsale.tickets-aichi-nagoya2026.org/getFilteredProductsJSON.th?eventCategoryFather=3,exact,名古屋市瑞穂公園ラグビー場,愛知,〒467-0062 愛知県名古屋市瑞穂区山下通５丁目４,サッカー、ラグビー,サッカー、ラグビー７s,名古屋・瑞穂区,パロマ瑞穂ラグビー場,◎,観客集中,selected_master_match
2026-08-10,competition,16,16,14,BKB09,14,2026-09-19,10:00:00,14:15:00,愛知国際アリーナ,バスケットボール,バスケットボール,バスケットボール - BKB09,女子予選フェーズ （1試合）,BUY,BUY,True,https://generalsale.tickets-aichi-nagoya2026.org/getFilteredProductsJSON.th?eventCategoryFather=3,exact,愛知国際アリーナ,愛知,〒462-0846 愛知県名古屋市北区名城１丁目２−２,バスケットボール、柔道,バスケットボール、柔道,名古屋・東区,IGアリーナ,◎,大規模会場・最重要,selected_master_match
2026-08-10,opening_ceremony,245,245,78,OOC01,44,2026-09-19,18:00:00,20:00:00,名古屋市瑞穂公園陸上競技場,開会式 (アジア大会),開会式,開会式（アジア大会） - OOC01,セレモニー,SOLD_OUT,BUY,True,https://generalsale.tickets-aichi-nagoya2026.org/getFilteredProductsJSON.th?eventCategoryFather=3,exact,名古屋市瑞穂公園陸上競技場,愛知,〒467-0062 愛知県名古屋市瑞穂区山下通５丁目１,陸上競技,陸上競技（トラック／フィールド）,名古屋・瑞穂区,パロマ瑞穂スタジアム,◎,大規模・終了集中,selected_master_match
2026-08-10,competition,353,353,52,TST02,41,2026-09-20,09:00:00,20:15:00,名古屋市東山公園テニスセンター,ソフトテニス,ソフトテニス,ソフトテニス - TST02,男子団体 ／ 準決勝～決勝   ／ 女子団体 ／ 準決勝～決勝 / メダル,SOLD_OUT,BUY,True,https://generalsale.tickets-aichi-nagoya2026.org/getFilteredProductsJSON.th?eventCategoryFather=3,exact,名古屋市東山公園テニスセンター,愛知,〒468-0071 愛知県名古屋市天白区天白町大字八事裏山６０−１９,テニス,テニス、ソフトテニス,名古屋・千種区,東山公園テニスセンター,◎,市内会場,selected_master_match
2026-08-10,competition,374,374,59,WSU01,16,2026-09-20,09:00:00,16:30:00,愛知県武道館,武術太極拳,武術太極拳,武術太極拳 - WSU01,男子長拳 決勝 ／ 女子太極拳・太極剣 決勝 / メダル,SOLD_OUT,BUY,True,https://generalsale.tickets-aichi-nagoya2026.org/getFilteredProductsJSON.th?eventCategoryFather=3,exact,愛知県武道館,愛知,〒455-0078 愛知県名古屋市港区丸池町１丁目１−４,コンバットスポーツ、武術太極拳,柔術、クラッシュ、武術太極拳,名古屋・港区,愛知県武道館,◎,市内会場,selected_master_match
2026-08-10,competition,383,383,44,SEW01,45,2026-09-20,09:00:00,12:00:00,名古屋市瑞穂公園体育館,セパタクロー,セパタクロー,セパタクロー - SEW01,男子チームレグ 予選,SOLD_OUT,BUY,True,https://generalsale.tickets-aichi-nagoya2026.org/getFilteredProductsJSON.th?eventCategoryFather=3,exact,名古屋市瑞穂公園体育館,愛知,〒467-0027 愛知県名古屋市瑞穂区田辺通３丁目4,セパタクロー,セパタクロー,名古屋・瑞穂区,パロマ瑞穂アリーナ,◎,市内会場,selected_master_match
2026-08-10,competition,475,475,23,CKT05,34,2026-09-20,09:00:00,12:00:00,愛知県口論義運動公園,クリケット（T20）,クリケット（T20）,クリケット (T20) - CKT05,女子準決勝,BUY,BUY,True,https://generalsale.tickets-aichi-nagoya2026.org/getFilteredProductsJSON.th?eventCategoryFather=3,exact,愛知県口論義運動公園,愛知,〒470-0103 愛知県日進市北新町西口論義３２３−８,クリケット,クリケット,日進,愛知県口論義運動公園,○,名古屋東部から近い,selected_master_match
2026-08-10,competition,295,295,11,BDM01,27,2026-09-20,09:30:00,20:30:00,一宮市総合体育館,バドミントン,バドミントン,バドミントン - BDM01,女子団体 1回戦 ／ 男子団体 1回戦,SOLD_OUT,BUY,True,https://generalsale.tickets-aichi-nagoya2026.org/getFilteredProductsJSON.th?eventCategoryFather=3,exact,一宮市総合体育館,愛知,〒491-0135 愛知県一宮市光明寺白山前２０,バドミントン,バドミントン,一宮,一宮市総合体育館,○,名駅を交通拠点にする可能性,selected_master_match
2026-08-10,competition,165,165,50,TTE01,60,2026-09-20,10:00:00,22:00:00,スカイホール豊田,卓球,卓球,卓球 - TTE01,女子団体予選リーグ ラウンド１、２ ／ 男子団体予選リーグ ラウンド1、２,LIMITED,BUY,True,https://generalsale.tickets-aichi-nagoya2026.org/getFilteredProductsJSON.th?eventCategoryFather=3,exact,スカイホール豊田,愛知,〒471-0861 愛知県豊田市八幡町１丁目２０−２０ 豊田市総合体育館,卓球,卓球,豊田,スカイホール豊田,○,大会規模を考慮,selected_master_match
2026-08-10,competition,17,17,14,BKB10,14,2026-09-20,10:00:00,21:55:00,愛知国際アリーナ,バスケットボール,バスケットボール,バスケットボール - BKB10,女子予選フェーズ （2試合） ／ 男子3位決定戦 ／ 男子決勝 / メダル,LIMITED,BUY,True,https://generalsale.tickets-aichi-nagoya2026.org/getFilteredProductsJSON.th?eventCategoryFather=3,exact,愛知国際アリーナ,愛知,〒462-0846 愛知県名古屋市北区名城１丁目２−２,バスケットボール、柔道,バスケットボール、柔道,名古屋・東区,IGアリーナ,◎,大規模会場・最重要,selected_master_match
2026-08-10,competition,190,190,55,VVO07,57,2026-09-20,10:00:00,21:20:00,小牧市スポーツ公園総合体育館,バレーボール,バレーボール,バレーボール - VVO07,女子準々決勝（4試合）,SOLD_OUT,BUY,True,https://generalsale.tickets-aichi-nagoya2026.org/getFilteredProductsJSON.th?eventCategoryFather=3,exact,小牧市スポーツ公園総合体育館,愛知,〒485-0016 愛知県小牧市間々原新田７３７ パークアリーナ内,バレーボール,バレーボール,小牧,小牧市スポーツ公園総合体育館,○,北部営業圏へ波,selected_master_match
2026-08-10,competition,102,102,35,HBL02,31,2026-09-20,13:30:00,19:00:00,春日井市総合体育館,ハンドボール,ハンドボール,ハンドボール - HBL02,男子予選ラウンド（3試合）,SOLD_OUT,BUY,True,https://generalsale.tickets-aichi-nagoya2026.org/getFilteredProductsJSON.th?eventCategoryFather=3,exact,春日井市総合体育館,愛知,〒486-0804 愛知県春日井市鷹来町４１９６番地３,ハンドボール,ハンドボール,春日井,春日井市総合体育館,○,名古屋北部へ波及,selected_master_match
2026-08-10,competition,324,324,32,FBL16,67,2026-09-20,14:00:00,21:00:00,ウェーブスタジアム刈谷,サッカー,サッカー,サッカー - FBL16,男子1次ラウンド（2試合）,LIMITED,BUY,True,https://generalsale.tickets-aichi-nagoya2026.org/getFilteredProductsJSON.th?eventCategoryFather=3,exact,ウェーブスタジアム刈谷,愛知,〒448-0011 愛知県刈谷市築地町荒田１,サッカー,サッカー,刈谷,ウェーブスタジアム刈谷,○,名古屋への交通需要波及,selected_master_match
2026-08-10,competition,384,384,44,SEW02,45,2026-09-20,14:00:00,17:00:00,名古屋市瑞穂公園体育館,セパタクロー,セパタクロー,セパタクロー - SEW02,女子チームレグ 予選,SOLD_OUT,BUY,True,https://generalsale.tickets-aichi-nagoya2026.org/getFilteredProductsJSON.th?eventCategoryFather=3,exact,名古屋市瑞穂公園体育館,愛知,〒467-0027 愛知県名古屋市瑞穂区田辺通３丁目4,セパタクロー,セパタクロー,名古屋・瑞穂区,パロマ瑞穂アリーナ,◎,市内会場,selected_master_match
2026-08-10,competition,476,476,23,CKT06,34,2026-09-20,14:00:00,17:00:00,愛知県口論義運動公園,クリケット（T20）,クリケット（T20）,クリケット (T20) - CKT06,女子準決勝,BUY,BUY,True,https://generalsale.tickets-aichi-nagoya2026.org/getFilteredProductsJSON.th?eventCategoryFather=3,exact,愛知県口論義運動公園,愛知,〒470-0103 愛知県日進市北新町西口論義３２３−８,クリケット,クリケット,日進,愛知県口論義運動公園,○,名古屋東部から近い,selected_master_match
2026-08-10,competition,260,260,8,WPO01,40,2026-09-20,14:30:00,19:15:00,名古屋市総合体育館［レインボープール］,水泳 (水球),水泳 (水球),水泳（水球） - WPO01,女子総当たり戦（3試合）,SOLD_OUT,BUY,True,https://generalsale.tickets-aichi-nagoya2026.org/getFilteredProductsJSON.th?eventCategoryFather=3,normalized,名古屋市総合体育館[レインボープール],愛知,〒457-0833 愛知県名古屋市南区東又兵ヱ町５丁目１−５,水泳,水球,名古屋・南区,NGKアリーナ,◎,笠寺駅・タクシー需要,selected_master_match
2026-08-10,competition,323,323,32,FBL15,66,2026-09-20,16:00:00,21:30:00,豊田スタジアム,サッカー,サッカー,サッカー - FBL15,男子1次ラウンド（2試合）,BUY,BUY,True,https://generalsale.tickets-aichi-nagoya2026.org/getFilteredProductsJSON.th?eventCategoryFather=3,exact,豊田スタジアム,愛知,〒471-0016 愛知県豊田市千石町７丁目２,サッカー,サッカー,豊田,豊田スタジアム,○,大規模会場のため採用,selected_master_match
2026-08-10,competition,375,375,59,WSU02,16,2026-09-20,19:30:00,21:30:00,愛知県武道館,武術太極拳,武術太極拳,武術太極拳 - WSU02,男子散打 1/16決勝 ／ 女子散打 1/16決勝,LIMITED,BUY,True,https://generalsale.tickets-aichi-nagoya2026.org/getFilteredProductsJSON.th?eventCategoryFather=3,exact,愛知県武道館,愛知,〒455-0078 愛知県名古屋市港区丸池町１丁目１−４,コンバットスポーツ、武術太極拳,柔術、クラッシュ、武術太極拳,名古屋・港区,愛知県武道館,◎,市内会場,selected_master_match
2026-08-10,competition,354,354,52,TST03,41,2026-09-21,09:00:00,19:00:00,名古屋市東山公園テニスセンター,ソフトテニス,ソフトテニス,ソフトテニス - TST03,混合ダブルス ／ 予選ラウンド～決勝ラウンド / メダル,LIMITED,BUY,True,https://generalsale.tickets-aichi-nagoya2026.org/getFilteredProductsJSON.th?eventCategoryFather=3,exact,名古屋市東山公園テニスセンター,愛知,〒468-0071 愛知県名古屋市天白区天白町大字八事裏山６０−１９,テニス,テニス、ソフトテニス,名古屋・千種区,東山公園テニスセンター,◎,市内会場,selected_master_match
2026-08-10,competition,376,376,59,WSU03,16,2026-09-21,09:00:00,16:30:00,愛知県武道館,武術太極拳,武術太極拳,武術太極拳 - WSU03,女子長拳 決勝 ／ 男子太極拳・太極剣 決勝 / メダル,SOLD_OUT,BUY,True,https://generalsale.tickets-aichi-nagoya2026.org/getFilteredProductsJSON.th?eventCategoryFather=3,exact,愛知県武道館,愛知,〒455-0078 愛知県名古屋市港区丸池町１丁目１−４,コンバットスポーツ、武術太極拳,柔術、クラッシュ、武術太極拳,名古屋・港区,愛知県武道館,◎,市内会場,selected_master_match
2026-08-10,competition,385,385,44,SEW03,45,2026-09-21,09:00:00,12:00:00,名古屋市瑞穂公園体育館,セパタクロー,セパタクロー,セパタクロー - SEW03,男子チームレグ 予選,SOLD_OUT,BUY,True,https://generalsale.tickets-aichi-nagoya2026.org/getFilteredProductsJSON.th?eventCategoryFather=3,exact,名古屋市瑞穂公園体育館,愛知,〒467-0027 愛知県名古屋市瑞穂区田辺通３丁目4,セパタクロー,セパタクロー,名古屋・瑞穂区,パロマ瑞穂アリーナ,◎,市内会場,selected_master_match
2026-08-10,competition,296,296,11,BDM02,27,2026-09-21,09:30:00,20:30:00,一宮市総合体育館,バドミントン,バドミントン,バドミントン - BDM02,女子団体 2回戦 ／ 男子団体 2回戦,LIMITED,BUY,True,https://generalsale.tickets-aichi-nagoya2026.org/getFilteredProductsJSON.th?eventCategoryFather=3,exact,一宮市総合体育館,愛知,〒491-0135 愛知県一宮市光明寺白山前２０,バドミントン,バドミントン,一宮,一宮市総合体育館,○,名駅を交通拠点にする可能性,selected_master_match
2026-08-10,competition,399,399,38,KAB01,61,2026-09-21,09:30:00,14:00:00,東海市民体育館,カバディ,カバディ,カバディ - KAB01,男子予選ラウンド ／ 女子予選ラウンド （４試合）,SOLD_OUT,BUY,True,https://generalsale.tickets-aichi-nagoya2026.org/getFilteredProductsJSON.th?eventCategoryFather=3,exact,東海市民体育館,愛知,〒477-0037 愛知県東海市高横須賀町桝形１−１,カバディ,カバディ,東海,東海市民体育館,○,名古屋南部と連続した営業圏,selected_master_match
2026-08-10,competition,104,104,35,HBL04,31,2026-09-21,10:00:00,19:30:00,春日井市総合体育館,ハンドボール,ハンドボール,ハンドボール - HBL04,男子予選ラウンド（1試合） ／ 女子予選ラウンド（4試合）,SOLD_OUT,BUY,True,https://generalsale.tickets-aichi-nagoya2026.org/getFilteredProductsJSON.th?eventCategoryFather=3,exact,春日井市総合体育館,愛知,〒486-0804 愛知県春日井市鷹来町４１９６番地３,ハンドボール,ハンドボール,春日井,春日井市総合体育館,○,名古屋北部へ波及,selected_master_match
2026-08-10,competition,166,166,50,TTE02,60,2026-09-21,10:00:00,16:00:00,スカイホール豊田,卓球,卓球,卓球 - TTE02,女子団体予選リーグ ラウンド3 ／ 男子団体予選リーグ ラウンド3,LIMITED,BUY,True,https://generalsale.tickets-aichi-nagoya2026.org/getFilteredProductsJSON.th?eventCategoryFather=3,exact,スカイホール豊田,愛知,〒471-0861 愛知県豊田市八幡町１丁目２０−２０ 豊田市総合体育館,卓球,卓球,豊田,スカイホール豊田,○,大会規模を考慮,selected_master_match
2026-08-10,competition,192,192,55,VVO09,57,2026-09-21,10:00:00,21:20:00,小牧市スポーツ公園総合体育館,バレーボール,バレーボール,バレーボール - VVO09,女子準決勝（２試合)​ ／ 女子5-8位決定戦（2試合）,SOLD_OUT,BUY,True,https://generalsale.tickets-aichi-nagoya2026.org/getFilteredProductsJSON.th?eventCategoryFather=3,exact,小牧市スポーツ公園総合体育館,愛知,〒485-0016 愛知県小牧市間々原新田７３７ パークアリーナ内,バレーボール,バレーボール,小牧,小牧市スポーツ公園総合体育館,○,北部営業圏へ波,selected_master_match
2026-08-10,competition,87,87,34,GYM01,70,2026-09-21,10:00:00,17:00:00,名古屋市総合体育館［レインボーホール］,体操（体操）,体操（体操）,体操（体操） - GYM01,男子予選 ／ 男子個人総合決勝 /表彰式 / メダル,SOLD_OUT,BUY,True,https://generalsale.tickets-aichi-nagoya2026.org/getFilteredProductsJSON.th?eventCategoryFather=3,normalized,名古屋市総合体育館[レインボーホール],愛知,〒457-0833 愛知県名古屋市南区東又兵ヱ町５丁目１−５,体操,体操、新体操、トランポリン,名古屋・南区,NGKホール,◎,大規模観客需要,selected_master_match
2026-08-10,competition,23,23,15,BK301,39,2026-09-21,12:00:00,15:20:00,金城ふ頭駅前特設コート,3x3 バスケットボール,3x3 バスケットボール,3×3 バスケットボール - BK301,女子予選プール（4試合） ／ 男子予選プール（4試合）,BUY,BUY,True,https://generalsale.tickets-aichi-nagoya2026.org/getFilteredProductsJSON.th?eventCategoryFather=3,exact,金城ふ頭駅前特設コート,愛知,〒455-0848 愛知県名古屋市港区金城ふ頭３丁目２番１,バスケットボール,3x3 バスケットボール,名古屋・港区,金城ふ頭駅前特設コート,◎,金城ふ頭需要,selected_master_match
2026-08-10,competition,18,18,14,BKB11,14,2026-09-21,13:00:00,21:15:00,愛知国際アリーナ,バスケットボール,バスケットボール,バスケットボール - BKB11,女子予選フェーズ （3試合）,BUY,BUY,True,https://generalsale.tickets-aichi-nagoya2026.org/getFilteredProductsJSON.th?eventCategoryFather=3,exact,愛知国際アリーナ,愛知,〒462-0846 愛知県名古屋市北区名城１丁目２−２,バスケットボール、柔道,バスケットボール、柔道,名古屋・東区,IGアリーナ,◎,大規模会場・最重要,selected_master_match
2026-08-10,competition,386,386,44,SEW04,45,2026-09-21,14:00:00,17:00:00,名古屋市瑞穂公園体育館,セパタクロー,セパタクロー,セパタクロー - SEW04,女子チームレグ 予選,SOLD_OUT,BUY,True,https://generalsale.tickets-aichi-nagoya2026.org/getFilteredProductsJSON.th?eventCategoryFather=3,exact,名古屋市瑞穂公園体育館,愛知,〒467-0027 愛知県名古屋市瑞穂区田辺通３丁目4,セパタクロー,セパタクロー,名古屋・瑞穂区,パロマ瑞穂アリーナ,◎,市内会場,selected_master_match
2026-08-10,competition,261,261,8,WPO02,40,2026-09-21,14:30:00,19:15:00,名古屋市総合体育館［レインボープール］,水泳 (水球),水泳 (水球),水泳（水球） - WPO02,女子総当たり戦（3試合）,BUY,BUY,True,https://generalsale.tickets-aichi-nagoya2026.org/getFilteredProductsJSON.th?eventCategoryFather=3,normalized,名古屋市総合体育館[レインボープール],愛知,〒457-0833 愛知県名古屋市南区東又兵ヱ町５丁目１−５,水泳,水球,名古屋・南区,NGKアリーナ,◎,笠寺駅・タクシー需要,selected_master_match
2026-08-10,competition,327,327,32,FBL19,67,2026-09-21,16:00:00,18:00:00,ウェーブスタジアム刈谷,サッカー,サッカー,サッカー - FBL19,女子1次ラウンド（1試合）,BUY,BUY,True,https://generalsale.tickets-aichi-nagoya2026.org/getFilteredProductsJSON.th?eventCategoryFather=3,exact,ウェーブスタジアム刈谷,愛知,〒448-0011 愛知県刈谷市築地町荒田１,サッカー,サッカー,刈谷,ウェーブスタジアム刈谷,○,名古屋への交通需要波及,selected_master_match
2026-08-10,competition,400,400,38,KAB02,61,2026-09-21,16:00:00,20:20:00,東海市民体育館,カバディ,カバディ,カバディ - KAB02,男子予選ラウンド ／ 女子予選ラウンド （４試合）,SOLD_OUT,BUY,True,https://generalsale.tickets-aichi-nagoya2026.org/getFilteredProductsJSON.th?eventCategoryFather=3,exact,東海市民体育館,愛知,〒477-0037 愛知県東海市高横須賀町桝形１−１,カバディ,カバディ,東海,東海市民体育館,○,名古屋南部と連続した営業圏,selected_master_match
2026-08-10,competition,24,24,15,BK302,39,2026-09-21,17:40:00,21:00:00,金城ふ頭駅前特設コート,3x3 バスケットボール,3x3 バスケットボール,3×3 バスケットボール - BK302,女子予選プール（4試合） ／ 男子予選プール（4試合）,BUY,BUY,True,https://generalsale.tickets-aichi-nagoya2026.org/getFilteredProductsJSON.th?eventCategoryFather=3,exact,金城ふ頭駅前特設コート,愛知,〒455-0848 愛知県名古屋市港区金城ふ頭３丁目２番１,バスケットボール,3x3 バスケットボール,名古屋・港区,金城ふ頭駅前特設コート,◎,金城ふ頭需要,selected_master_match
2026-08-10,competition,167,167,50,TTE03,60,2026-09-21,18:30:00,22:10:00,スカイホール豊田,卓球,卓球,卓球 - TTE03,女子ダブルス１回戦 ／ 男子団体１回戦 ,LIMITED,BUY,True,https://generalsale.tickets-aichi-nagoya2026.org/getFilteredProductsJSON.th?eventCategoryFather=3,exact,スカイホール豊田,愛知,〒471-0861 愛知県豊田市八幡町１丁目２０−２０ 豊田市総合体育館,卓球,卓球,豊田,スカイホール豊田,○,大会規模を考慮,selected_master_match
2026-08-10,competition,377,377,59,WSU04,16,2026-09-21,19:30:00,21:30:00,愛知県武道館,武術太極拳,武術太極拳,武術太極拳 - WSU04,男子散打 1/8決勝 ／ 女子散打 1/8決勝,BUY,BUY,True,https://generalsale.tickets-aichi-nagoya2026.org/getFilteredProductsJSON.th?eventCategoryFather=3,exact,愛知県武道館,愛知,〒455-0078 愛知県名古屋市港区丸池町１丁目１−４,コンバットスポーツ、武術太極拳,柔術、クラッシュ、武術太極拳,名古屋・港区,愛知県武道館,◎,市内会場,selected_master_match
2026-08-10,competition,355,355,52,TST04,41,2026-09-22,09:00:00,16:45:00,名古屋市東山公園テニスセンター,ソフトテニス,ソフトテニス,ソフトテニス - TST04,男子シングルス ／ 予選ラウンド ／ 女子シングルス　 ／ 予選ラウンド,BUY,BUY,True,https://generalsale.tickets-aichi-nagoya2026.org/getFilteredProductsJSON.th?eventCategoryFather=3,exact,名古屋市東山公園テニスセンター,愛知,〒468-0071 愛知県名古屋市天白区天白町大字八事裏山６０−１９,テニス,テニス、ソフトテニス,名古屋・千種区,東山公園テニスセンター,◎,市内会場,selected_master_match
2026-08-10,competition,378,378,59,WSU05,16,2026-09-22,09:00:00,16:30:00,愛知県武道館,武術太極拳,武術太極拳,武術太極拳 - WSU05,男子南拳・南棍 決勝 ／ 女子南拳・南刀 決勝 / メダル,LIMITED,BUY,True,https://generalsale.tickets-aichi-nagoya2026.org/getFilteredProductsJSON.th?eventCategoryFather=3,exact,愛知県武道館,愛知,〒455-0078 愛知県名古屋市港区丸池町１丁目１−４,コンバットスポーツ、武術太極拳,柔術、クラッシュ、武術太極拳,名古屋・港区,愛知県武道館,◎,市内会場,selected_master_match
2026-08-10,competition,387,387,44,SEW05,45,2026-09-22,09:00:00,12:00:00,名古屋市瑞穂公園体育館,セパタクロー,セパタクロー,セパタクロー - SEW05,男子チームレグ 予選,SOLD_OUT,BUY,True,https://generalsale.tickets-aichi-nagoya2026.org/getFilteredProductsJSON.th?eventCategoryFather=3,exact,名古屋市瑞穂公園体育館,愛知,〒467-0027 愛知県名古屋市瑞穂区田辺通３丁目4,セパタクロー,セパタクロー,名古屋・瑞穂区,パロマ瑞穂アリーナ,◎,市内会場,selected_master_match
2026-08-10,competition,477,477,23,CKT07,34,2026-09-22,09:00:00,12:00:00,愛知県口論義運動公園,クリケット（T20）,クリケット（T20）,クリケット (T20) - CKT07,女子3位決定戦 / メダル,BUY,BUY,True,https://generalsale.tickets-aichi-nagoya2026.org/getFilteredProductsJSON.th?eventCategoryFather=3,exact,愛知県口論義運動公園,愛知,〒470-0103 愛知県日進市北新町西口論義３２３−８,クリケット,クリケット,日進,愛知県口論義運動公園,○,名古屋東部から近い,selected_master_match
2026-08-10,competition,297,297,11,BDM03,27,2026-09-22,09:30:00,20:30:00,一宮市総合体育館,バドミントン,バドミントン,バドミントン - BDM03,女子団体 準々決勝 ／ 男子団体 準々決勝,SOLD_OUT,BUY,True,https://generalsale.tickets-aichi-nagoya2026.org/getFilteredProductsJSON.th?eventCategoryFather=3,exact,一宮市総合体育館,愛知,〒491-0135 愛知県一宮市光明寺白山前２０,バドミントン,バドミントン,一宮,一宮市総合体育館,○,名駅を交通拠点にする可能性,selected_master_match
2026-08-10,competition,401,401,38,KAB03,61,2026-09-22,09:30:00,14:00:00,東海市民体育館,カバディ,カバディ,カバディ - KAB03,男子予選ラウンド ／ 女子予選ラウンド （４試合）,SOLD_OUT,BUY,True,https://generalsale.tickets-aichi-nagoya2026.org/getFilteredProductsJSON.th?eventCategoryFather=3,exact,東海市民体育館,愛知,〒477-0037 愛知県東海市高横須賀町桝形１−１,カバディ,カバディ,東海,東海市民体育館,○,名古屋南部と連続した営業圏,selected_master_match
2026-08-10,competition,168,168,50,TTE04,60,2026-09-22,10:00:00,16:50:00,スカイホール豊田,卓球,卓球,卓球 - TTE04,女子団体2回戦  ／ 男子団体２回戦 ／ 混合ダブルス１回戦、２回戦,LIMITED,BUY,True,https://generalsale.tickets-aichi-nagoya2026.org/getFilteredProductsJSON.th?eventCategoryFather=3,exact,スカイホール豊田,愛知,〒471-0861 愛知県豊田市八幡町１丁目２０−２０ 豊田市総合体育館,卓球,卓球,豊田,スカイホール豊田,○,大会規模を考慮,selected_master_match
2026-08-10,competition,19,19,14,BKB12,14,2026-09-22,10:00:00,21:15:00,愛知国際アリーナ,バスケットボール,バスケットボール,バスケットボール - BKB12,女子予選フェーズ （4試合）,BUY,BUY,True,https://generalsale.tickets-aichi-nagoya2026.org/getFilteredProductsJSON.th?eventCategoryFather=3,exact,愛知国際アリーナ,愛知,〒462-0846 愛知県名古屋市北区名城１丁目２−２,バスケットボール、柔道,バスケットボール、柔道,名古屋・東区,IGアリーナ,◎,大規模会場・最重要,selected_master_match
2026-08-10,competition,194,194,55,VVO11,57,2026-09-22,10:00:00,21:20:00,小牧市スポーツ公園総合体育館,バレーボール,バレーボール,バレーボール - VVO11,女子7位決定戦 ／ 女子5位決定戦 ／ 女子3位決定戦 ／ 女子決勝戦 ／ 女子表彰式 / メダル,SOLD_OUT,BUY,True,https://generalsale.tickets-aichi-nagoya2026.org/getFilteredProductsJSON.th?eventCategoryFather=3,exact,小牧市スポーツ公園総合体育館,愛知,〒485-0016 愛知県小牧市間々原新田７３７ パークアリーナ内,バレーボール,バレーボール,小牧,小牧市スポーツ公園総合体育館,○,北部営業圏へ波,selected_master_match
2026-08-10,competition,25,25,15,BK303,39,2026-09-22,12:00:00,15:20:00,金城ふ頭駅前特設コート,3x3 バスケットボール,3x3 バスケットボール,3×3 バスケットボール - BK303,女子予選プール（4試合） ／ 男子予選プール（4試合）,BUY,BUY,True,https://generalsale.tickets-aichi-nagoya2026.org/getFilteredProductsJSON.th?eventCategoryFather=3,exact,金城ふ頭駅前特設コート,愛知,〒455-0848 愛知県名古屋市港区金城ふ頭３丁目２番１,バスケットボール,3x3 バスケットボール,名古屋・港区,金城ふ頭駅前特設コート,◎,金城ふ頭需要,selected_master_match
2026-08-10,competition,88,88,34,GYM02,70,2026-09-22,12:00:00,19:15:00,名古屋市総合体育館［レインボーホール］,体操（体操）,体操（体操）,体操（体操） - GYM02,女子予選 ／ 女子個人総合決勝 /表彰式 / メダル,LIMITED,BUY,True,https://generalsale.tickets-aichi-nagoya2026.org/getFilteredProductsJSON.th?eventCategoryFather=3,normalized,名古屋市総合体育館[レインボーホール],愛知,〒457-0833 愛知県名古屋市南区東又兵ヱ町５丁目１−５,体操,体操、新体操、トランポリン,名古屋・南区,NGKホール,◎,大規模観客需要,selected_master_match
2026-08-10,competition,106,106,35,HBL06,31,2026-09-22,12:30:00,20:00:00,春日井市総合体育館,ハンドボール,ハンドボール,ハンドボール - HBL06,女子予選ラウンド（4試合）,SOLD_OUT,BUY,True,https://generalsale.tickets-aichi-nagoya2026.org/getFilteredProductsJSON.th?eventCategoryFather=3,exact,春日井市総合体育館,愛知,〒486-0804 愛知県春日井市鷹来町４１９６番地３,ハンドボール,ハンドボール,春日井,春日井市総合体育館,○,名古屋北部へ波及,selected_master_match
2026-08-10,competition,329,329,32,FBL21,46,2026-09-22,14:00:00,21:00:00,名古屋市瑞穂公園ラグビー場,サッカー,サッカー,サッカー - FBL21,男子1次ラウンド（2試合）,BUY,BUY,True,https://generalsale.tickets-aichi-nagoya2026.org/getFilteredProductsJSON.th?eventCategoryFather=3,exact,名古屋市瑞穂公園ラグビー場,愛知,〒467-0062 愛知県名古屋市瑞穂区山下通５丁目４,サッカー、ラグビー,サッカー、ラグビー７s,名古屋・瑞穂区,パロマ瑞穂ラグビー場,◎,観客集中,selected_master_match
2026-08-10,competition,330,330,32,FBL22,43,2026-09-22,14:00:00,16:00:00,名古屋市港サッカー場,サッカー,サッカー,サッカー - FBL22,男子1次ラウンド（1試合）,BUY,BUY,True,https://generalsale.tickets-aichi-nagoya2026.org/getFilteredProductsJSON.th?eventCategoryFather=3,exact,名古屋市港サッカー場,愛知,〒455-0845 愛知県名古屋市港区野跡４丁目１１−１２,サッカー,サッカー,名古屋・港区,CSアセット港サッカー場,◎,市内会場,selected_master_match
2026-08-10,competition,388,388,44,SEW06,45,2026-09-22,14:00:00,17:00:00,名古屋市瑞穂公園体育館,セパタクロー,セパタクロー,セパタクロー - SEW06,女子チームレグ 予選,SOLD_OUT,BUY,True,https://generalsale.tickets-aichi-nagoya2026.org/getFilteredProductsJSON.th?eventCategoryFather=3,exact,名古屋市瑞穂公園体育館,愛知,〒467-0027 愛知県名古屋市瑞穂区田辺通３丁目4,セパタクロー,セパタクロー,名古屋・瑞穂区,パロマ瑞穂アリーナ,◎,市内会場,selected_master_match
2026-08-10,competition,478,478,23,CKT08,34,2026-09-22,14:00:00,17:00:00,愛知県口論義運動公園,クリケット（T20）,クリケット（T20）,クリケット (T20) - CKT08,女子決勝 / メダル,BUY,BUY,True,https://generalsale.tickets-aichi-nagoya2026.org/getFilteredProductsJSON.th?eventCategoryFather=3,exact,愛知県口論義運動公園,愛知,〒470-0103 愛知県日進市北新町西口論義３２３−８,クリケット,クリケット,日進,愛知県口論義運動公園,○,名古屋東部から近い,selected_master_match
2026-08-10,competition,262,262,8,WPO03,40,2026-09-22,14:30:00,19:15:00,名古屋市総合体育館［レインボープール］,水泳 (水球),水泳 (水球),水泳（水球） - WPO03,女子総当たり戦（3試合）,BUY,BUY,True,https://generalsale.tickets-aichi-nagoya2026.org/getFilteredProductsJSON.th?eventCategoryFather=3,normalized,名古屋市総合体育館[レインボープール],愛知,〒457-0833 愛知県名古屋市南区東又兵ヱ町５丁目１−５,水泳,水球,名古屋・南区,NGKアリーナ,◎,笠寺駅・タクシー需要,selected_master_match
2026-08-10,competition,402,402,38,KAB04,61,2026-09-22,16:00:00,20:20:00,東海市民体育館,カバディ,カバディ,カバディ - KAB04,男子予選ラウンド ／ 女子予選ラウンド （４試合）,SOLD_OUT,BUY,True,https://generalsale.tickets-aichi-nagoya2026.org/getFilteredProductsJSON.th?eventCategoryFather=3,exact,東海市民体育館,愛知,〒477-0037 愛知県東海市高横須賀町桝形１−１,カバディ,カバディ,東海,東海市民体育館,○,名古屋南部と連続した営業圏,selected_master_match
2026-08-10,competition,26,26,15,BK304,39,2026-09-22,17:40:00,21:00:00,金城ふ頭駅前特設コート,3x3 バスケットボール,3x3 バスケットボール,3×3 バスケットボール - BK304,女子予選プール（4試合） ／ 男子予選プール（4試合）,BUY,BUY,True,https://generalsale.tickets-aichi-nagoya2026.org/getFilteredProductsJSON.th?eventCategoryFather=3,exact,金城ふ頭駅前特設コート,愛知,〒455-0848 愛知県名古屋市港区金城ふ頭３丁目２番１,バスケットボール,3x3 バスケットボール,名古屋・港区,金城ふ頭駅前特設コート,◎,金城ふ頭需要,selected_master_match
2026-08-10,competition,169,169,50,TTE05,60,2026-09-22,19:20:00,21:50:00,スカイホール豊田,卓球,卓球,卓球 - TTE05,男子団体準々決勝 ／ 女子団体準々決勝,LIMITED,BUY,True,https://generalsale.tickets-aichi-nagoya2026.org/getFilteredProductsJSON.th?eventCategoryFather=3,exact,スカイホール豊田,愛知,〒471-0861 愛知県豊田市八幡町１丁目２０−２０ 豊田市総合体育館,卓球,卓球,豊田,スカイホール豊田,○,大会規模を考慮,selected_master_match
2026-08-10,competition,379,379,59,WSU06,16,2026-09-22,19:30:00,21:30:00,愛知県武道館,武術太極拳,武術太極拳,武術太極拳 - WSU06,男子散打 準々決勝 ／ 女子散打 準々決勝,BUY,BUY,True,https://generalsale.tickets-aichi-nagoya2026.org/getFilteredProductsJSON.th?eventCategoryFather=3,exact,愛知県武道館,愛知,〒455-0078 愛知県名古屋市港区丸池町１丁目１−４,コンバットスポーツ、武術太極拳,柔術、クラッシュ、武術太極拳,名古屋・港区,愛知県武道館,◎,市内会場,selected_master_match
2026-08-10,competition,356,356,52,TST05,41,2026-09-23,09:00:00,17:30:00,名古屋市東山公園テニスセンター,ソフトテニス,ソフトテニス,ソフトテニス - TST05,男子シングルス ／ 準々決勝～決勝 ／ 女子シングルス ／ 準々決勝～決勝 / メダル,LIMITED,BUY,True,https://generalsale.tickets-aichi-nagoya2026.org/getFilteredProductsJSON.th?eventCategoryFather=3,exact,名古屋市東山公園テニスセンター,愛知,〒468-0071 愛知県名古屋市天白区天白町大字八事裏山６０−１９,テニス,テニス、ソフトテニス,名古屋・千種区,東山公園テニスセンター,◎,市内会場,selected_master_match
2026-08-10,competition,380,380,59,WSU07,16,2026-09-23,09:00:00,16:30:00,愛知県武道館,武術太極拳,武術太極拳,武術太極拳 - WSU07,男子刀術・棍術 決勝 ／ 女子剣術・槍術 決勝 / メダル,SOLD_OUT,BUY,True,https://generalsale.tickets-aichi-nagoya2026.org/getFilteredProductsJSON.th?eventCategoryFather=3,exact,愛知県武道館,愛知,〒455-0078 愛知県名古屋市港区丸池町１丁目１−４,コンバットスポーツ、武術太極拳,柔術、クラッシュ、武術太極拳,名古屋・港区,愛知県武道館,◎,市内会場,selected_master_match
2026-08-10,competition,389,389,44,SEW07,45,2026-09-23,09:00:00,12:00:00,名古屋市瑞穂公園体育館,セパタクロー,セパタクロー,セパタクロー - SEW07,男子チームレグ 予選,SOLD_OUT,BUY,True,https://generalsale.tickets-aichi-nagoya2026.org/getFilteredProductsJSON.th?eventCategoryFather=3,exact,名古屋市瑞穂公園体育館,愛知,〒467-0027 愛知県名古屋市瑞穂区田辺通３丁目4,セパタクロー,セパタクロー,名古屋・瑞穂区,パロマ瑞穂アリーナ,◎,市内会場,selected_master_match
2026-08-10,competition,457,457,48,SQU01,49,2026-09-23,09:00:00,18:30:00,名古屋金城ふ頭アリーナ,スカッシュ,スカッシュ,スカッシュ - SQU01,女子個人戦1回戦 ／ 男子個人戦1回戦 ／ 混合ダブルス1回戦 ／ 女子個人戦2回戦 ／ 男子個人戦2回戦,LIMITED,BUY,True,https://generalsale.tickets-aichi-nagoya2026.org/getFilteredProductsJSON.th?eventCategoryFather=3,exact,名古屋金城ふ頭アリーナ,愛知,〒455-0848 愛知県名古屋市港区金城ふ頭２丁目7番,スカッシュ,スカッシュ,名古屋・港区,名古屋金城ふ頭アリーナ,◎,金城ふ頭需要,selected_master_match
2026-08-10,competition,298,298,11,BDM04,27,2026-09-23,09:30:00,20:30:00,一宮市総合体育館,バドミントン,バドミントン,バドミントン - BDM04,女子団体 準決勝 ／ 男子団体 準決勝,SOLD_OUT,BUY,True,https://generalsale.tickets-aichi-nagoya2026.org/getFilteredProductsJSON.th?eventCategoryFather=3,exact,一宮市総合体育館,愛知,〒491-0135 愛知県一宮市光明寺白山前２０,バドミントン,バドミントン,一宮,一宮市総合体育館,○,名駅を交通拠点にする可能性,selected_master_match
2026-08-10,competition,403,403,38,KAB05,61,2026-09-23,09:30:00,14:00:00,東海市民体育館,カバディ,カバディ,カバディ - KAB05,男子予選ラウンド ／ 女子予選ラウンド （４試合）,SOLD_OUT,BUY,True,https://generalsale.tickets-aichi-nagoya2026.org/getFilteredProductsJSON.th?eventCategoryFather=3,exact,東海市民体育館,愛知,〒477-0037 愛知県東海市高横須賀町桝形１−１,カバディ,カバディ,東海,東海市民体育館,○,名古屋南部と連続した営業圏,selected_master_match
2026-08-10,competition,170,170,50,TTE06,60,2026-09-23,10:00:00,14:30:00,スカイホール豊田,卓球,卓球,卓球 - TTE06,混合ダブルス３回戦、４回戦 ／ 男子シングルス１回戦 ／ 女子シングルス１回戦 ／ 男子ダブルス１回戦,LIMITED,BUY,True,https://generalsale.tickets-aichi-nagoya2026.org/getFilteredProductsJSON.th?eventCategoryFather=3,exact,スカイホール豊田,愛知,〒471-0861 愛知県豊田市八幡町１丁目２０−２０ 豊田市総合体育館,卓球,卓球,豊田,スカイホール豊田,○,大会規模を考慮,selected_master_match
2026-08-10,competition,221,221,57,WLF01,47,2026-09-23,10:00:00,12:00:00,名古屋市中小企業振興会館,ウエイトリフティング,ウエイトリフティング,ウエイトリフティング - WLF01,女子49kg級 グループB ／ 女子53kg級 グループB,BUY,BUY,True,https://generalsale.tickets-aichi-nagoya2026.org/getFilteredProductsJSON.th?eventCategoryFather=3,exact,名古屋市中小企業振興会館,愛知,〒464-0856 愛知県名古屋市千種区吹上２丁目６−３,ウエイトリフティング,ウエイトリフティング,名古屋・千種区,吹上ホール,◎,市中心部に近い,selected_master_match
2026-08-10,competition,27,27,15,BK305,39,2026-09-23,12:00:00,15:20:00,金城ふ頭駅前特設コート,3x3 バスケットボール,3x3 バスケットボール,3×3 バスケットボール - BK305,女子予選プール（4試合） ／ 男子予選プール（4試合）,BUY,BUY,True,https://generalsale.tickets-aichi-nagoya2026.org/getFilteredProductsJSON.th?eventCategoryFather=3,exact,金城ふ頭駅前特設コート,愛知,〒455-0848 愛知県名古屋市港区金城ふ頭３丁目２番１,バスケットボール,3x3 バスケットボール,名古屋・港区,金城ふ頭駅前特設コート,◎,金城ふ頭需要,selected_master_match
2026-08-10,competition,108,108,35,HBL08,31,2026-09-23,12:30:00,20:00:00,春日井市総合体育館,ハンドボール,ハンドボール,ハンドボール - HBL08,女子予選ラウンド（4試合）,SOLD_OUT,BUY,True,https://generalsale.tickets-aichi-nagoya2026.org/getFilteredProductsJSON.th?eventCategoryFather=3,exact,春日井市総合体育館,愛知,〒486-0804 愛知県春日井市鷹来町４１９６番地３,ハンドボール,ハンドボール,春日井,春日井市総合体育館,○,名古屋北部へ波及,selected_master_match
2026-08-10,competition,89,89,34,GYM03,70,2026-09-23,13:00:00,15:30:00,名古屋市総合体育館［レインボーホール］,体操（体操）,体操（体操）,体操（体操） - GYM03,男子団体 決勝 / 表彰式 / メダル,LIMITED,BUY,True,https://generalsale.tickets-aichi-nagoya2026.org/getFilteredProductsJSON.th?eventCategoryFather=3,normalized,名古屋市総合体育館[レインボーホール],愛知,〒457-0833 愛知県名古屋市南区東又兵ヱ町５丁目１−５,体操,体操、新体操、トランポリン,名古屋・南区,NGKホール,◎,大規模観客需要,selected_master_match
2026-08-10,competition,222,222,57,WLF02,47,2026-09-23,13:30:00,19:20:00,名古屋市中小企業振興会館,ウエイトリフティング,ウエイトリフティング,ウエイトリフティング - WLF02,女子49kg級 グループA／表彰式 ／ 女子53kg級 グループA／表彰式 / メダル,LIMITED,BUY,True,https://generalsale.tickets-aichi-nagoya2026.org/getFilteredProductsJSON.th?eventCategoryFather=3,exact,名古屋市中小企業振興会館,愛知,〒464-0856 愛知県名古屋市千種区吹上２丁目６−３,ウエイトリフティング,ウエイトリフティング,名古屋・千種区,吹上ホール,◎,市中心部に近い,selected_master_match
2026-08-10,competition,390,390,44,SEW08,45,2026-09-23,14:00:00,17:00:00,名古屋市瑞穂公園体育館,セパタクロー,セパタクロー,セパタクロー - SEW08,女子チームレグ 予選,LIMITED,BUY,True,https://generalsale.tickets-aichi-nagoya2026.org/getFilteredProductsJSON.th?eventCategoryFather=3,exact,名古屋市瑞穂公園体育館,愛知,〒467-0027 愛知県名古屋市瑞穂区田辺通３丁目4,セパタクロー,セパタクロー,名古屋・瑞穂区,パロマ瑞穂アリーナ,◎,市内会場,selected_master_match
2026-08-10,competition,263,263,8,WPO04,40,2026-09-23,14:30:00,19:15:00,名古屋市総合体育館［レインボープール］,水泳 (水球),水泳 (水球),水泳（水球） - WPO04,女子総当たり戦（3試合）,BUY,BUY,True,https://generalsale.tickets-aichi-nagoya2026.org/getFilteredProductsJSON.th?eventCategoryFather=3,normalized,名古屋市総合体育館[レインボープール],愛知,〒457-0833 愛知県名古屋市南区東又兵ヱ町５丁目１−５,水泳,水球,名古屋・南区,NGKアリーナ,◎,笠寺駅・タクシー需要,selected_master_match
2026-08-10,competition,331,331,32,FBL23,66,2026-09-23,14:30:00,21:30:00,豊田スタジアム,サッカー,サッカー,サッカー - FBL23,男子1次ラウンド（2試合）,BUY,BUY,True,https://generalsale.tickets-aichi-nagoya2026.org/getFilteredProductsJSON.th?eventCategoryFather=3,exact,豊田スタジアム,愛知,〒471-0016 愛知県豊田市千石町７丁目２,サッカー,サッカー,豊田,豊田スタジアム,○,大規模会場のため採用,selected_master_match
2026-08-10,competition,332,332,32,FBL24,67,2026-09-23,14:30:00,21:30:00,ウェーブスタジアム刈谷,サッカー,サッカー,サッカー - FBL24,男子1次ラウンド（2試合）,BUY,BUY,True,https://generalsale.tickets-aichi-nagoya2026.org/getFilteredProductsJSON.th?eventCategoryFather=3,exact,ウェーブスタジアム刈谷,愛知,〒448-0011 愛知県刈谷市築地町荒田１,サッカー,サッカー,刈谷,ウェーブスタジアム刈谷,○,名古屋への交通需要波及,selected_master_match
2026-08-10,competition,404,404,38,KAB06,61,2026-09-23,16:00:00,20:20:00,東海市民体育館,カバディ,カバディ,カバディ - KAB06,男子予選ラウンド ／ 女子予選ラウンド （４試合）,SOLD_OUT,BUY,True,https://generalsale.tickets-aichi-nagoya2026.org/getFilteredProductsJSON.th?eventCategoryFather=3,exact,東海市民体育館,愛知,〒477-0037 愛知県東海市高横須賀町桝形１−１,カバディ,カバディ,東海,東海市民体育館,○,名古屋南部と連続した営業圏,selected_master_match
2026-08-10,competition,171,171,50,TTE07,60,2026-09-23,17:00:00,22:00:00,スカイホール豊田,卓球,卓球,卓球 - TTE07,男子団体準決勝 ／ 女子団体準決勝,SOLD_OUT,BUY,True,https://generalsale.tickets-aichi-nagoya2026.org/getFilteredProductsJSON.th?eventCategoryFather=3,exact,スカイホール豊田,愛知,〒471-0861 愛知県豊田市八幡町１丁目２０−２０ 豊田市総合体育館,卓球,卓球,豊田,スカイホール豊田,○,大会規模を考慮,selected_master_match
2026-08-10,competition,28,28,15,BK306,39,2026-09-23,17:40:00,21:00:00,金城ふ頭駅前特設コート,3x3 バスケットボール,3x3 バスケットボール,3×3 バスケットボール - BK306,女子予選プール（4試合） ／ 男子予選プール（4試合）,BUY,BUY,True,https://generalsale.tickets-aichi-nagoya2026.org/getFilteredProductsJSON.th?eventCategoryFather=3,exact,金城ふ頭駅前特設コート,愛知,〒455-0848 愛知県名古屋市港区金城ふ頭３丁目２番１,バスケットボール,3x3 バスケットボール,名古屋・港区,金城ふ頭駅前特設コート,◎,金城ふ頭需要,selected_master_match
2026-08-10,competition,90,90,34,GYM04,70,2026-09-23,19:00:00,21:00:00,名古屋市総合体育館［レインボーホール］,体操（体操）,体操（体操）,体操（体操） - GYM04,女子団体 決勝 / 表彰式 / メダル,BUY,BUY,True,https://generalsale.tickets-aichi-nagoya2026.org/getFilteredProductsJSON.th?eventCategoryFather=3,normalized,名古屋市総合体育館[レインボーホール],愛知,〒457-0833 愛知県名古屋市南区東又兵ヱ町５丁目１−５,体操,体操、新体操、トランポリン,名古屋・南区,NGKホール,◎,大規模観客需要,selected_master_match
2026-08-10,competition,381,381,59,WSU08,16,2026-09-23,19:30:00,21:30:00,愛知県武道館,武術太極拳,武術太極拳,武術太極拳 - WSU08,男子散打 準決勝 ／ 女子散打 準決勝,BUY,BUY,True,https://generalsale.tickets-aichi-nagoya2026.org/getFilteredProductsJSON.th?eventCategoryFather=3,exact,愛知県武道館,愛知,〒455-0078 愛知県名古屋市港区丸池町１丁目１−４,コンバットスポーツ、武術太極拳,柔術、クラッシュ、武術太極拳,名古屋・港区,愛知県武道館,◎,市内会場,selected_master_match
2026-08-10,competition,391,391,44,SEW09,45,2026-09-24,09:00:00,12:00:00,名古屋市瑞穂公園体育館,セパタクロー,セパタクロー,セパタクロー - SEW09,男子チームレグ 準決勝,SOLD_OUT,BUY,True,https://generalsale.tickets-aichi-nagoya2026.org/getFilteredProductsJSON.th?eventCategoryFather=3,exact,名古屋市瑞穂公園体育館,愛知,〒467-0027 愛知県名古屋市瑞穂区田辺通３丁目4,セパタクロー,セパタクロー,名古屋・瑞穂区,パロマ瑞穂アリーナ,◎,市内会場,selected_master_match
2026-08-10,competition,479,479,23,CKT09,34,2026-09-24,09:00:00,12:00:00,愛知県口論義運動公園,クリケット（T20）,クリケット（T20）,クリケット (T20) - CKT09,男子予選ラウンド,BUY,BUY,True,https://generalsale.tickets-aichi-nagoya2026.org/getFilteredProductsJSON.th?eventCategoryFather=3,exact,愛知県口論義運動公園,愛知,〒470-0103 愛知県日進市北新町西口論義３２３−８,クリケット,クリケット,日進,愛知県口論義運動公園,○,名古屋東部から近い,selected_master_match
2026-08-10,competition,299,299,11,BDM05,27,2026-09-24,09:30:00,20:30:00,一宮市総合体育館,バドミントン,バドミントン,バドミントン - BDM05,女子団体 決勝 ／ 表彰式 ／ 男子団体 決勝 ／ 表彰式 / メダル,SOLD_OUT,BUY,True,https://generalsale.tickets-aichi-nagoya2026.org/getFilteredProductsJSON.th?eventCategoryFather=3,exact,一宮市総合体育館,愛知,〒491-0135 愛知県一宮市光明寺白山前２０,バドミントン,バドミントン,一宮,一宮市総合体育館,○,名駅を交通拠点にする可能性,selected_master_match
2026-08-10,competition,382,382,59,WSU09,16,2026-09-24,09:30:00,12:00:00,愛知県武道館,武術太極拳,武術太極拳,武術太極拳 - WSU09,男子散打 決勝 ／ 女子散打 決勝 / メダル,BUY,BUY,True,https://generalsale.tickets-aichi-nagoya2026.org/getFilteredProductsJSON.th?eventCategoryFather=3,exact,愛知県武道館,愛知,〒455-0078 愛知県名古屋市港区丸池町１丁目１−４,コンバットスポーツ、武術太極拳,柔術、クラッシュ、武術太極拳,名古屋・港区,愛知県武道館,◎,市内会場,selected_master_match
2026-08-10,competition,405,405,38,KAB07,61,2026-09-24,09:30:00,14:00:00,東海市民体育館,カバディ,カバディ,カバディ - KAB07,男子予選ラウンド ／ 女子予選ラウンド （４試合）,SOLD_OUT,BUY,True,https://generalsale.tickets-aichi-nagoya2026.org/getFilteredProductsJSON.th?eventCategoryFather=3,exact,東海市民体育館,愛知,〒477-0037 愛知県東海市高横須賀町桝形１−１,カバディ,カバディ,東海,東海市民体育館,○,名古屋南部と連続した営業圏,selected_master_match
2026-08-10,competition,172,172,50,TTE08,60,2026-09-24,10:00:00,14:10:00,スカイホール豊田,卓球,卓球,卓球 - TTE08,男子シングルス２回戦 ／ 女子ダブルス２回戦,LIMITED,BUY,True,https://generalsale.tickets-aichi-nagoya2026.org/getFilteredProductsJSON.th?eventCategoryFather=3,exact,スカイホール豊田,愛知,〒471-0861 愛知県豊田市八幡町１丁目２０−２０ 豊田市総合体育館,卓球,卓球,豊田,スカイホール豊田,○,大会規模を考慮,selected_master_match
2026-08-10,competition,20,20,14,BKB13,14,2026-09-24,10:00:00,21:15:00,愛知国際アリーナ,バスケットボール,バスケットボール,バスケットボール - BKB13,女子準々決勝 （4試合）,BUY,BUY,True,https://generalsale.tickets-aichi-nagoya2026.org/getFilteredProductsJSON.th?eventCategoryFather=3,exact,愛知国際アリーナ,愛知,〒462-0846 愛知県名古屋市北区名城１丁目２−２,バスケットボール、柔道,バスケットボール、柔道,名古屋・東区,IGアリーナ,◎,大規模会場・最重要,selected_master_match
2026-08-10,competition,223,223,57,WLF03,47,2026-09-24,10:00:00,12:00:00,名古屋市中小企業振興会館,ウエイトリフティング,ウエイトリフティング,ウエイトリフティング - WLF03,男子60kg級 グループB ／ 男子65kg級 グループB,SOLD_OUT,BUY,True,https://generalsale.tickets-aichi-nagoya2026.org/getFilteredProductsJSON.th?eventCategoryFather=3,exact,名古屋市中小企業振興会館,愛知,〒464-0856 愛知県名古屋市千種区吹上２丁目６−３,ウエイトリフティング,ウエイトリフティング,名古屋・千種区,吹上ホール,◎,市中心部に近い,selected_master_match
2026-08-10,competition,458,458,48,SQU02,49,2026-09-24,10:00:00,17:30:00,名古屋金城ふ頭アリーナ,スカッシュ,スカッシュ,スカッシュ - SQU02,混合ダブルス2回戦 ／ 女子個人戦3回戦 ／ 男子個人戦3回戦,LIMITED,BUY,True,https://generalsale.tickets-aichi-nagoya2026.org/getFilteredProductsJSON.th?eventCategoryFather=3,exact,名古屋金城ふ頭アリーナ,愛知,〒455-0848 愛知県名古屋市港区金城ふ頭２丁目7番,スカッシュ,スカッシュ,名古屋・港区,名古屋金城ふ頭アリーナ,◎,金城ふ頭需要,selected_master_match
2026-08-10,competition,29,29,15,BK307,39,2026-09-24,12:00:00,15:20:00,金城ふ頭駅前特設コート,3x3 バスケットボール,3x3 バスケットボール,3×3 バスケットボール - BK307,女子準々決勝進出決定戦（4試合） ／ 男子準々決勝進出決定戦（4試合）,BUY,BUY,True,https://generalsale.tickets-aichi-nagoya2026.org/getFilteredProductsJSON.th?eventCategoryFather=3,exact,金城ふ頭駅前特設コート,愛知,〒455-0848 愛知県名古屋市港区金城ふ頭３丁目２番１,バスケットボール,3x3 バスケットボール,名古屋・港区,金城ふ頭駅前特設コート,◎,金城ふ頭需要,selected_master_match
2026-08-10,competition,224,224,57,WLF04,47,2026-09-24,13:30:00,19:20:00,名古屋市中小企業振興会館,ウエイトリフティング,ウエイトリフティング,ウエイトリフティング - WLF04,男子60kg級 グループA ／表彰式／ 男子65kg級 グループA／表彰式 / メダル,BUY,BUY,True,https://generalsale.tickets-aichi-nagoya2026.org/getFilteredProductsJSON.th?eventCategoryFather=3,exact,名古屋市中小企業振興会館,愛知,〒464-0856 愛知県名古屋市千種区吹上２丁目６−３,ウエイトリフティング,ウエイトリフティング,名古屋・千種区,吹上ホール,◎,市中心部に近い,selected_master_match
2026-08-10,competition,392,392,44,SEW10,45,2026-09-24,14:00:00,17:00:00,名古屋市瑞穂公園体育館,セパタクロー,セパタクロー,セパタクロー - SEW10,女子チームレグ 準決勝,BUY,BUY,True,https://generalsale.tickets-aichi-nagoya2026.org/getFilteredProductsJSON.th?eventCategoryFather=3,exact,名古屋市瑞穂公園体育館,愛知,〒467-0027 愛知県名古屋市瑞穂区田辺通３丁目4,セパタクロー,セパタクロー,名古屋・瑞穂区,パロマ瑞穂アリーナ,◎,市内会場,selected_master_match
2026-08-10,competition,480,480,23,CKT10,34,2026-09-24,14:00:00,17:00:00,愛知県口論義運動公園,クリケット（T20）,クリケット（T20）,クリケット (T20) - CKT10,男子予選ラウンド,BUY,BUY,True,https://generalsale.tickets-aichi-nagoya2026.org/getFilteredProductsJSON.th?eventCategoryFather=3,exact,愛知県口論義運動公園,愛知,〒470-0103 愛知県日進市北新町西口論義３２３−８,クリケット,クリケット,日進,愛知県口論義運動公園,○,名古屋東部から近い,selected_master_match
2026-08-10,competition,270,270,8,WPO05,40,2026-09-24,15:45:00,21:15:00,名古屋市総合体育館［レインボープール］,水泳 (水球),水泳 (水球),水泳（水球） - WPO05,女子総当たり戦（3試合）,BUY,BUY,True,https://generalsale.tickets-aichi-nagoya2026.org/getFilteredProductsJSON.th?eventCategoryFather=3,normalized,名古屋市総合体育館[レインボープール],愛知,〒457-0833 愛知県名古屋市南区東又兵ヱ町５丁目１−５,水泳,水球,名古屋・南区,NGKアリーナ,◎,笠寺駅・タクシー需要,selected_master_match
2026-08-10,competition,406,406,38,KAB08,61,2026-09-24,16:00:00,20:20:00,東海市民体育館,カバディ,カバディ,カバディ - KAB08,男子予選ラウンド ／ 女子予選ラウンド （４試合）,LIMITED,BUY,True,https://generalsale.tickets-aichi-nagoya2026.org/getFilteredProductsJSON.th?eventCategoryFather=3,exact,東海市民体育館,愛知,〒477-0037 愛知県東海市高横須賀町桝形１−１,カバディ,カバディ,東海,東海市民体育館,○,名古屋南部と連続した営業圏,selected_master_match
2026-08-10,competition,286,286,10,ATH01,44,2026-09-24,16:50:00,22:30:00,名古屋市瑞穂公園陸上競技場,陸上競技（トラック/フィールド） ,陸上競技（トラック/フィールド） ,陸上競技（トラック/フィールド） - ATH01,メダル,BUY,BUY,True,https://generalsale.tickets-aichi-nagoya2026.org/getFilteredProductsJSON.th?eventCategoryFather=3,exact,名古屋市瑞穂公園陸上競技場,愛知,〒467-0062 愛知県名古屋市瑞穂区山下通５丁目１,陸上競技,陸上競技（トラック／フィールド）,名古屋・瑞穂区,パロマ瑞穂スタジアム,◎,大規模・終了集中,selected_master_match
2026-08-10,competition,173,173,50,TTE09,60,2026-09-24,17:00:00,22:30:00,スカイホール豊田,卓球,卓球,卓球 - TTE09,男子団体決勝、表彰式 ／ 女子団体決勝、表彰式 / メダル,SOLD_OUT,BUY,True,https://generalsale.tickets-aichi-nagoya2026.org/getFilteredProductsJSON.th?eventCategoryFather=3,exact,スカイホール豊田,愛知,〒471-0861 愛知県豊田市八幡町１丁目２０−２０ 豊田市総合体育館,卓球,卓球,豊田,スカイホール豊田,○,大会規模を考慮,selected_master_match
2026-08-10,competition,91,91,34,GYM05,70,2026-09-24,17:00:00,20:55:00,名古屋市総合体育館［レインボーホール］,体操（体操）,体操（体操）,体操（体操） - GYM05,男子種目別ゆか 決勝 / 表彰式 ／ 女子種目別跳馬 決勝 / 表彰式 ／ 男子種目別あん馬 決勝 / 表彰式 ／ 女子種目別段違い平行棒 決勝 / 表彰式 ／ 男子種目別つり輪 決勝 / 表彰式 / メダル,BUY,BUY,True,https://generalsale.tickets-aichi-nagoya2026.org/getFilteredProductsJSON.th?eventCategoryFather=3,normalized,名古屋市総合体育館[レインボーホール],愛知,〒457-0833 愛知県名古屋市南区東又兵ヱ町５丁目１−５,体操,体操、新体操、トランポリン,名古屋・南区,NGKホール,◎,大規模観客需要,selected_master_match
2026-08-10,competition,30,30,15,BK308,39,2026-09-24,17:40:00,21:00:00,金城ふ頭駅前特設コート,3x3 バスケットボール,3x3 バスケットボール,3×3 バスケットボール - BK308,女子準々決勝 （4試合） ／ 男子準々決勝（4試合）,BUY,BUY,True,https://generalsale.tickets-aichi-nagoya2026.org/getFilteredProductsJSON.th?eventCategoryFather=3,exact,金城ふ頭駅前特設コート,愛知,〒455-0848 愛知県名古屋市港区金城ふ頭３丁目２番１,バスケットボール,3x3 バスケットボール,名古屋・港区,金城ふ頭駅前特設コート,◎,金城ふ頭需要,selected_master_match
2026-08-10,competition,393,393,44,SEW11,45,2026-09-25,09:00:00,12:00:00,名古屋市瑞穂公園体育館,セパタクロー,セパタクロー,セパタクロー - SEW11,女子チームレグ 決勝 / メダル,SOLD_OUT,BUY,True,https://generalsale.tickets-aichi-nagoya2026.org/getFilteredProductsJSON.th?eventCategoryFather=3,exact,名古屋市瑞穂公園体育館,愛知,〒467-0027 愛知県名古屋市瑞穂区田辺通３丁目4,セパタクロー,セパタクロー,名古屋・瑞穂区,パロマ瑞穂アリーナ,◎,市内会場,selected_master_match
2026-08-10,competition,481,481,23,CKT11,34,2026-09-25,09:00:00,12:00:00,愛知県口論義運動公園,クリケット（T20）,クリケット（T20）,クリケット (T20) - CKT11,男子予選ラウンド,BUY,BUY,True,https://generalsale.tickets-aichi-nagoya2026.org/getFilteredProductsJSON.th?eventCategoryFather=3,exact,愛知県口論義運動公園,愛知,〒470-0103 愛知県日進市北新町西口論義３２３−８,クリケット,クリケット,日進,愛知県口論義運動公園,○,名古屋東部から近い,selected_master_match
2026-08-10,competition,3,3,11,BDM06,27,2026-09-25,09:30:00,20:30:00,一宮市総合体育館,バドミントン,バドミントン,バドミントン - BDM06,女子シングルス 1回戦 ／ 男子シングルス 1回戦 ／ 男子ダブルス 1回戦 ／ 混合ダブルス 1回戦 ／ 女子ダブルス 1回戦,SOLD_OUT,BUY,True,https://generalsale.tickets-aichi-nagoya2026.org/getFilteredProductsJSON.th?eventCategoryFather=3,exact,一宮市総合体育館,愛知,〒491-0135 愛知県一宮市光明寺白山前２０,バドミントン,バドミントン,一宮,一宮市総合体育館,○,名駅を交通拠点にする可能性,selected_master_match
2026-08-10,competition,174,174,50,TTE10,60,2026-09-25,10:00:00,21:30:00,スカイホール豊田,卓球,卓球,卓球 - TTE10,混合ダブルス準々決勝、準決勝 ／ 男子シングルス３回戦 ／ 女子シングルス２回戦、３回戦 ／ 男子ダブルス２回戦、３回戦 ／ 女子ダブルス３回戦,SOLD_OUT,BUY,True,https://generalsale.tickets-aichi-nagoya2026.org/getFilteredProductsJSON.th?eventCategoryFather=3,exact,スカイホール豊田,愛知,〒471-0861 愛知県豊田市八幡町１丁目２０−２０ 豊田市総合体育館,卓球,卓球,豊田,スカイホール豊田,○,大会規模を考慮,selected_master_match
2026-08-10,competition,225,225,57,WLF05,47,2026-09-25,10:00:00,12:00:00,名古屋市中小企業振興会館,ウエイトリフティング,ウエイトリフティング,ウエイトリフティング - WLF05,女子57kg級 グループB ／ 女子61kg級 グループB,SOLD_OUT,BUY,True,https://generalsale.tickets-aichi-nagoya2026.org/getFilteredProductsJSON.th?eventCategoryFather=3,exact,名古屋市中小企業振興会館,愛知,〒464-0856 愛知県名古屋市千種区吹上２丁目６−３,ウエイトリフティング,ウエイトリフティング,名古屋・千種区,吹上ホール,◎,市中心部に近い,selected_master_match
2026-08-10,competition,287,287,10,ATH02,44,2026-09-25,10:00:00,13:40:00,名古屋市瑞穂公園陸上競技場,陸上競技（トラック/フィールド） ,陸上競技（トラック/フィールド） ,陸上競技（トラック/フィールド） - ATH02,メダル,BUY,BUY,True,https://generalsale.tickets-aichi-nagoya2026.org/getFilteredProductsJSON.th?eventCategoryFather=3,exact,名古屋市瑞穂公園陸上競技場,愛知,〒467-0062 愛知県名古屋市瑞穂区山下通５丁目１,陸上競技,陸上競技（トラック／フィールド）,名古屋・瑞穂区,パロマ瑞穂スタジアム,◎,大規模・終了集中,selected_master_match
2026-08-10,competition,459,459,48,SQU03,49,2026-09-25,10:00:00,18:00:00,名古屋金城ふ頭アリーナ,スカッシュ,スカッシュ,スカッシュ - SQU03,混合ダブルス準々決勝 ／ 女子個人戦準々決勝 ／ 男子個人戦準々決勝,LIMITED,BUY,True,https://generalsale.tickets-aichi-nagoya2026.org/getFilteredProductsJSON.th?eventCategoryFather=3,exact,名古屋金城ふ頭アリーナ,愛知,〒455-0848 愛知県名古屋市港区金城ふ頭２丁目7番,スカッシュ,スカッシュ,名古屋・港区,名古屋金城ふ頭アリーナ,◎,金城ふ頭需要,selected_master_match
2026-08-10,competition,110,110,35,HBL10,31,2026-09-25,12:30:00,20:00:00,春日井市総合体育館,ハンドボール,ハンドボール,ハンドボール - HBL10,男子予選ラウンド（4試合）,SOLD_OUT,BUY,True,https://generalsale.tickets-aichi-nagoya2026.org/getFilteredProductsJSON.th?eventCategoryFather=3,exact,春日井市総合体育館,愛知,〒486-0804 愛知県春日井市鷹来町４１９６番地３,ハンドボール,ハンドボール,春日井,春日井市総合体育館,○,名古屋北部へ波及,selected_master_match
2026-08-10,competition,31,31,15,BK309,39,2026-09-25,13:00:00,14:40:00,金城ふ頭駅前特設コート,3x3 バスケットボール,3x3 バスケットボール,3×3 バスケットボール - BK309,女子準決勝 （2試合） ／ 男子準決勝 （2試合）,LIMITED,BUY,True,https://generalsale.tickets-aichi-nagoya2026.org/getFilteredProductsJSON.th?eventCategoryFather=3,exact,金城ふ頭駅前特設コート,愛知,〒455-0848 愛知県名古屋市港区金城ふ頭３丁目２番１,バスケットボール,3x3 バスケットボール,名古屋・港区,金城ふ頭駅前特設コート,◎,金城ふ頭需要,selected_master_match
2026-08-10,competition,407,407,38,KAB09,61,2026-09-25,13:00:00,15:00:00,東海市民体育館,カバディ,カバディ,カバディ - KAB09,男子準決勝 ／ 女子準決勝 （２試合）,SOLD_OUT,BUY,True,https://generalsale.tickets-aichi-nagoya2026.org/getFilteredProductsJSON.th?eventCategoryFather=3,exact,東海市民体育館,愛知,〒477-0037 愛知県東海市高横須賀町桝形１−１,カバディ,カバディ,東海,東海市民体育館,○,名古屋南部と連続した営業圏,selected_master_match
2026-08-10,competition,226,226,57,WLF06,47,2026-09-25,13:30:00,19:20:00,名古屋市中小企業振興会館,ウエイトリフティング,ウエイトリフティング,ウエイトリフティング - WLF06,女子57kg級 グループA／表彰式 ／ 女子61kg級 グループA／表彰式 / メダル,LIMITED,BUY,True,https://generalsale.tickets-aichi-nagoya2026.org/getFilteredProductsJSON.th?eventCategoryFather=3,exact,名古屋市中小企業振興会館,愛知,〒464-0856 愛知県名古屋市千種区吹上２丁目６−３,ウエイトリフティング,ウエイトリフティング,名古屋・千種区,吹上ホール,◎,市中心部に近い,selected_master_match
2026-08-10,competition,394,394,44,SEW12,45,2026-09-25,14:00:00,18:00:00,名古屋市瑞穂公園体育館,セパタクロー,セパタクロー,セパタクロー - SEW12,男子チームレグ 決勝・表彰式 ／女子チームレグ 表彰式 / メダル,SOLD_OUT,BUY,True,https://generalsale.tickets-aichi-nagoya2026.org/getFilteredProductsJSON.th?eventCategoryFather=3,exact,名古屋市瑞穂公園体育館,愛知,〒467-0027 愛知県名古屋市瑞穂区田辺通３丁目4,セパタクロー,セパタクロー,名古屋・瑞穂区,パロマ瑞穂アリーナ,◎,市内会場,selected_master_match
2026-08-10,competition,482,482,23,CKT12,34,2026-09-25,14:00:00,17:00:00,愛知県口論義運動公園,クリケット（T20）,クリケット（T20）,クリケット (T20) - CKT12,男子予選ラウンド,BUY,BUY,True,https://generalsale.tickets-aichi-nagoya2026.org/getFilteredProductsJSON.th?eventCategoryFather=3,exact,愛知県口論義運動公園,愛知,〒470-0103 愛知県日進市北新町西口論義３２３−８,クリケット,クリケット,日進,愛知県口論義運動公園,○,名古屋東部から近い,selected_master_match
2026-08-10,competition,80,80,32,FBL26,46,2026-09-25,14:00:00,21:30:00,名古屋市瑞穂公園ラグビー場,サッカー,サッカー,サッカー - FBL26,男子準々決勝（2試合）,BUY,BUY,True,https://generalsale.tickets-aichi-nagoya2026.org/getFilteredProductsJSON.th?eventCategoryFather=3,exact,名古屋市瑞穂公園ラグビー場,愛知,〒467-0062 愛知県名古屋市瑞穂区山下通５丁目４,サッカー、ラグビー,サッカー、ラグビー７s,名古屋・瑞穂区,パロマ瑞穂ラグビー場,◎,観客集中,selected_master_match
2026-08-10,competition,92,92,34,GYM06,70,2026-09-25,15:00:00,18:55:00,名古屋市総合体育館［レインボーホール］,体操（体操）,体操（体操）,体操（体操） - GYM06,男子種目別跳馬 決勝 / 表彰式 ／ 女子種目別平均台 決勝 / 表彰式 ／ 男子種目別平行棒 決勝 / 表彰式 ／ 女子種目別ゆか 決勝 / 表彰式 ／ 男子種目別鉄棒 決勝 / 表彰式 / メダル,LIMITED,BUY,True,https://generalsale.tickets-aichi-nagoya2026.org/getFilteredProductsJSON.th?eventCategoryFather=3,normalized,名古屋市総合体育館[レインボーホール],愛知,〒457-0833 愛知県名古屋市南区東又兵ヱ町５丁目１−５,体操,体操、新体操、トランポリン,名古屋・南区,NGKホール,◎,大規模観客需要,selected_master_match
2026-08-10,competition,21,21,14,BKB14,14,2026-09-25,16:00:00,21:15:00,愛知国際アリーナ,バスケットボール,バスケットボール,バスケットボール - BKB14,女子準決勝 （2試合）,BUY,BUY,True,https://generalsale.tickets-aichi-nagoya2026.org/getFilteredProductsJSON.th?eventCategoryFather=3,exact,愛知国際アリーナ,愛知,〒462-0846 愛知県名古屋市北区名城１丁目２−２,バスケットボール、柔道,バスケットボール、柔道,名古屋・東区,IGアリーナ,◎,大規模会場・最重要,selected_master_match
2026-08-10,competition,288,288,10,ATH03,44,2026-09-25,17:40:00,22:30:00,名古屋市瑞穂公園陸上競技場,陸上競技（トラック/フィールド） ,陸上競技（トラック/フィールド） ,陸上競技（トラック/フィールド） - ATH03,メダル,LIMITED,BUY,True,https://generalsale.tickets-aichi-nagoya2026.org/getFilteredProductsJSON.th?eventCategoryFather=3,exact,名古屋市瑞穂公園陸上競技場,愛知,〒467-0062 愛知県名古屋市瑞穂区山下通５丁目１,陸上競技,陸上競技（トラック／フィールド）,名古屋・瑞穂区,パロマ瑞穂スタジアム,◎,大規模・終了集中,selected_master_match
2026-08-10,competition,32,32,15,BK310,39,2026-09-25,18:00:00,20:35:00,金城ふ頭駅前特設コート,3x3 バスケットボール,3x3 バスケットボール,3×3 バスケットボール - BK310,女子3位決定戦 ／ 男子3位決定戦 ／ 女子決勝戦 ／ 男子決勝戦 / メダル,SOLD_OUT,BUY,True,https://generalsale.tickets-aichi-nagoya2026.org/getFilteredProductsJSON.th?eventCategoryFather=3,exact,金城ふ頭駅前特設コート,愛知,〒455-0848 愛知県名古屋市港区金城ふ頭３丁目２番１,バスケットボール,3x3 バスケットボール,名古屋・港区,金城ふ頭駅前特設コート,◎,金城ふ頭需要,selected_master_match
2026-08-10,competition,408,408,38,KAB10,61,2026-09-25,18:00:00,20:00:00,東海市民体育館,カバディ,カバディ,カバディ - KAB10,男子準決勝 ／ 女子準決勝 （２試合）,SOLD_OUT,BUY,True,https://generalsale.tickets-aichi-nagoya2026.org/getFilteredProductsJSON.th?eventCategoryFather=3,exact,東海市民体育館,愛知,〒477-0037 愛知県東海市高横須賀町桝形１−１,カバディ,カバディ,東海,東海市民体育館,○,名古屋南部と連続した営業圏,selected_master_match
2026-08-10,competition,289,289,10,ATH04,44,2026-09-26,07:30:00,12:30:00,名古屋市瑞穂公園陸上競技場,陸上競技（トラック/フィールド） ,陸上競技（トラック/フィールド） ,陸上競技（トラック/フィールド） - ATH04,メダル,BUY,BUY,True,https://generalsale.tickets-aichi-nagoya2026.org/getFilteredProductsJSON.th?eventCategoryFather=3,exact,名古屋市瑞穂公園陸上競技場,愛知,〒467-0062 愛知県名古屋市瑞穂区山下通５丁目１,陸上競技,陸上競技（トラック／フィールド）,名古屋・瑞穂区,パロマ瑞穂スタジアム,◎,大規模・終了集中,selected_master_match
2026-08-10,competition,483,483,23,CKT13,34,2026-09-26,09:00:00,12:00:00,愛知県口論義運動公園,クリケット（T20）,クリケット（T20）,クリケット (T20) - CKT13,男子予選ラウンド,BUY,BUY,True,https://generalsale.tickets-aichi-nagoya2026.org/getFilteredProductsJSON.th?eventCategoryFather=3,exact,愛知県口論義運動公園,愛知,〒470-0103 愛知県日進市北新町西口論義３２３−８,クリケット,クリケット,日進,愛知県口論義運動公園,○,名古屋東部から近い,selected_master_match
2026-08-10,competition,4,4,11,BDM07,27,2026-09-26,09:30:00,20:30:00,一宮市総合体育館,バドミントン,バドミントン,バドミントン - BDM07,女子シングルス 2回戦 ／ 男子シングルス 2回戦 ／ 男子ダブルス 2回戦 ／ 混合ダブルス 2回戦 ／ 女子ダブルス 2回戦,LIMITED,BUY,True,https://generalsale.tickets-aichi-nagoya2026.org/getFilteredProductsJSON.th?eventCategoryFather=3,exact,一宮市総合体育館,愛知,〒491-0135 愛知県一宮市光明寺白山前２０,バドミントン,バドミントン,一宮,一宮市総合体育館,○,名駅を交通拠点にする可能性,selected_master_match
2026-08-10,competition,175,175,50,TTE11,60,2026-09-26,10:00:00,13:00:00,スカイホール豊田,卓球,卓球,卓球 - TTE11,男子シングルス４回戦 ／ 女子シングルス４回戦,SOLD_OUT,BUY,True,https://generalsale.tickets-aichi-nagoya2026.org/getFilteredProductsJSON.th?eventCategoryFather=3,exact,スカイホール豊田,愛知,〒471-0861 愛知県豊田市八幡町１丁目２０−２０ 豊田市総合体育館,卓球,卓球,豊田,スカイホール豊田,○,大会規模を考慮,selected_master_match
2026-08-10,competition,227,227,57,WLF07,47,2026-09-26,10:00:00,12:00:00,名古屋市中小企業振興会館,ウエイトリフティング,ウエイトリフティング,ウエイトリフティング - WLF07,男子70kg級 グループB ／ 男子75kg級 グループB,BUY,BUY,True,https://generalsale.tickets-aichi-nagoya2026.org/getFilteredProductsJSON.th?eventCategoryFather=3,exact,名古屋市中小企業振興会館,愛知,〒464-0856 愛知県名古屋市千種区吹上２丁目６−３,ウエイトリフティング,ウエイトリフティング,名古屋・千種区,吹上ホール,◎,市中心部に近い,selected_master_match
2026-08-10,competition,460,460,48,SQU04,49,2026-09-26,12:00:00,17:30:00,名古屋金城ふ頭アリーナ,スカッシュ,スカッシュ,スカッシュ - SQU04,混合ダブルス準決勝 ／ 女子個人戦準決勝 ／ 男子個人戦準決勝,SOLD_OUT,BUY,True,https://generalsale.tickets-aichi-nagoya2026.org/getFilteredProductsJSON.th?eventCategoryFather=3,exact,名古屋金城ふ頭アリーナ,愛知,〒455-0848 愛知県名古屋市港区金城ふ頭２丁目7番,スカッシュ,スカッシュ,名古屋・港区,名古屋金城ふ頭アリーナ,◎,金城ふ頭需要,selected_master_match
2026-08-10,competition,409,409,38,KAB11,61,2026-09-26,13:00:00,14:45:00,東海市民体育館,カバディ,カバディ,カバディ - KAB11,女子決勝 ／ 表彰式 / メダル,SOLD_OUT,BUY,True,https://generalsale.tickets-aichi-nagoya2026.org/getFilteredProductsJSON.th?eventCategoryFather=3,exact,東海市民体育館,愛知,〒477-0037 愛知県東海市高横須賀町桝形１−１,カバディ,カバディ,東海,東海市民体育館,○,名古屋南部と連続した営業圏,selected_master_match
2026-08-10,competition,112,112,35,HBL12,31,2026-09-26,13:30:00,19:00:00,春日井市総合体育館,ハンドボール,ハンドボール,ハンドボール - HBL12,男子予選ラウンド（3試合）,SOLD_OUT,BUY,True,https://generalsale.tickets-aichi-nagoya2026.org/getFilteredProductsJSON.th?eventCategoryFather=3,exact,春日井市総合体育館,愛知,〒486-0804 愛知県春日井市鷹来町４１９６番地３,ハンドボール,ハンドボール,春日井,春日井市総合体育館,○,名古屋北部へ波及,selected_master_match
2026-08-10,competition,228,228,57,WLF08,47,2026-09-26,13:30:00,19:20:00,名古屋市中小企業振興会館,ウエイトリフティング,ウエイトリフティング,ウエイトリフティング - WLF08,男子70kg級 グループA ／表彰式／ 男子75kg級 グループA／表彰式 / メダル,SOLD_OUT,BUY,True,https://generalsale.tickets-aichi-nagoya2026.org/getFilteredProductsJSON.th?eventCategoryFather=3,exact,名古屋市中小企業振興会館,愛知,〒464-0856 愛知県名古屋市千種区吹上２丁目６−３,ウエイトリフティング,ウエイトリフティング,名古屋・千種区,吹上ホール,◎,市中心部に近い,selected_master_match
2026-08-10,competition,484,484,23,CKT14,34,2026-09-26,14:00:00,17:00:00,愛知県口論義運動公園,クリケット（T20）,クリケット（T20）,クリケット (T20) - CKT14,男子予選ラウンド,BUY,BUY,True,https://generalsale.tickets-aichi-nagoya2026.org/getFilteredProductsJSON.th?eventCategoryFather=3,exact,愛知県口論義運動公園,愛知,〒470-0103 愛知県日進市北新町西口論義３２３−８,クリケット,クリケット,日進,愛知県口論義運動公園,○,名古屋東部から近い,selected_master_match
2026-08-10,competition,264,264,8,WPO06,40,2026-09-26,14:15:00,19:00:00,名古屋市総合体育館［レインボープール］,水泳 (水球),水泳 (水球),水泳（水球） - WPO06,男子予選ステージ（3試合）,BUY,BUY,True,https://generalsale.tickets-aichi-nagoya2026.org/getFilteredProductsJSON.th?eventCategoryFather=3,normalized,名古屋市総合体育館[レインボープール],愛知,〒457-0833 愛知県名古屋市南区東又兵ヱ町５丁目１−５,水泳,水球,名古屋・南区,NGKアリーナ,◎,笠寺駅・タクシー需要,selected_master_match
2026-08-10,competition,82,82,32,FBL28,66,2026-09-26,15:00:00,21:30:00,豊田スタジアム,サッカー,サッカー,サッカー - FBL28,男子準々決勝（2試合）,BUY,BUY,True,https://generalsale.tickets-aichi-nagoya2026.org/getFilteredProductsJSON.th?eventCategoryFather=3,exact,豊田スタジアム,愛知,〒471-0016 愛知県豊田市千石町７丁目２,サッカー,サッカー,豊田,豊田スタジアム,○,大規模会場のため採用,selected_master_match
2026-08-10,competition,176,176,50,TTE12,60,2026-09-26,15:30:00,20:30:00,スカイホール豊田,卓球,卓球,卓球 - TTE12,男子ダブルス準々決勝 ／ 女子シングルス準々決勝 ／ 男子シングルス準々決勝 ／ 女子ダブルス準々決勝 ／ 混合ダブルス決勝、表彰式 / メダル,SOLD_OUT,BUY,True,https://generalsale.tickets-aichi-nagoya2026.org/getFilteredProductsJSON.th?eventCategoryFather=3,exact,スカイホール豊田,愛知,〒471-0861 愛知県豊田市八幡町１丁目２０−２０ 豊田市総合体育館,卓球,卓球,豊田,スカイホール豊田,○,大会規模を考慮,selected_master_match
2026-08-10,competition,22,22,14,BKB15,14,2026-09-26,16:00:00,21:15:00,愛知国際アリーナ,バスケットボール,バスケットボール,バスケットボール - BKB15,女子3位決定戦 ／ 女子決勝 / メダル,LIMITED,BUY,True,https://generalsale.tickets-aichi-nagoya2026.org/getFilteredProductsJSON.th?eventCategoryFather=3,exact,愛知国際アリーナ,愛知,〒462-0846 愛知県名古屋市北区名城１丁目２−２,バスケットボール、柔道,バスケットボール、柔道,名古屋・東区,IGアリーナ,◎,大規模会場・最重要,selected_master_match
2026-08-10,competition,290,290,10,ATH05,44,2026-09-26,17:00:00,22:30:00,名古屋市瑞穂公園陸上競技場,陸上競技（トラック/フィールド） ,陸上競技（トラック/フィールド） ,陸上競技（トラック/フィールド） - ATH05,メダル,LIMITED,BUY,True,https://generalsale.tickets-aichi-nagoya2026.org/getFilteredProductsJSON.th?eventCategoryFather=3,exact,名古屋市瑞穂公園陸上競技場,愛知,〒467-0062 愛知県名古屋市瑞穂区山下通５丁目１,陸上競技,陸上競技（トラック／フィールド）,名古屋・瑞穂区,パロマ瑞穂スタジアム,◎,大規模・終了集中,selected_master_match
2026-08-10,competition,410,410,38,KAB12,61,2026-09-26,18:00:00,19:45:00,東海市民体育館,カバディ,カバディ,カバディ - KAB12,男子決勝 ／ 表彰式 / メダル,SOLD_OUT,BUY,True,https://generalsale.tickets-aichi-nagoya2026.org/getFilteredProductsJSON.th?eventCategoryFather=3,exact,東海市民体育館,愛知,〒477-0037 愛知県東海市高横須賀町桝形１−１,カバディ,カバディ,東海,東海市民体育館,○,名古屋南部と連続した営業圏,selected_master_match
2026-08-10,competition,395,395,44,SEW13,45,2026-09-27,09:00:00,11:00:00,名古屋市瑞穂公園体育館,セパタクロー,セパタクロー,セパタクロー - SEW13,男子レグ 予選 ／ 女子ダブル 予選,SOLD_OUT,BUY,True,https://generalsale.tickets-aichi-nagoya2026.org/getFilteredProductsJSON.th?eventCategoryFather=3,exact,名古屋市瑞穂公園体育館,愛知,〒467-0027 愛知県名古屋市瑞穂区田辺通３丁目4,セパタクロー,セパタクロー,名古屋・瑞穂区,パロマ瑞穂アリーナ,◎,市内会場,selected_master_match
2026-08-10,competition,95,95,81,GTR01,70,2026-09-27,09:00:00,14:45:00,名古屋市総合体育館［レインボーホール］,体操 (トランポリン),体操 (トランポリン),体操（トランポリン） - GTR01,男子 予選 ／ 決勝 ／ 表彰式 / メダル,BUY,BUY,True,https://generalsale.tickets-aichi-nagoya2026.org/getFilteredProductsJSON.th?eventCategoryFather=3,normalized,名古屋市総合体育館[レインボーホール],愛知,〒457-0833 愛知県名古屋市南区東又兵ヱ町５丁目１−５,体操,体操、新体操、トランポリン,名古屋・南区,NGKホール,◎,大規模観客需要,selected_master_match
2026-08-10,competition,371,371,21,KUR01,16,2026-09-27,09:30:00,17:30:00,愛知県武道館,コンバットスポーツ (クラッシュ),コンバットスポーツ (クラッシュ),コンバットスポーツ（クラッシュ） - KUR01,女子予選ラウンド（－57㎏） ／ 男子予選ラウンド（＋90㎏） ／ 女子決勝ラウンド（－57㎏） ／ 男子決勝ラウンド（＋90㎏） / メダル,BUY,BUY,True,https://generalsale.tickets-aichi-nagoya2026.org/getFilteredProductsJSON.th?eventCategoryFather=3,exact,愛知県武道館,愛知,〒455-0078 愛知県名古屋市港区丸池町１丁目１−４,コンバットスポーツ、武術太極拳,柔術、クラッシュ、武術太極拳,名古屋・港区,愛知県武道館,◎,市内会場,selected_master_match
2026-08-10,competition,5,5,11,BDM08,27,2026-09-27,09:30:00,20:30:00,一宮市総合体育館,バドミントン,バドミントン,バドミントン - BDM08,女子シングルス 準々決勝 ／ 男子シングルス 準々決勝 ／ 男子ダブルス 準々決勝 ／ 混合ダブルス 準々決勝 ／ 女子ダブルス 準々決勝,SOLD_OUT,BUY,True,https://generalsale.tickets-aichi-nagoya2026.org/getFilteredProductsJSON.th?eventCategoryFather=3,exact,一宮市総合体育館,愛知,〒491-0135 愛知県一宮市光明寺白山前２０,バドミントン,バドミントン,一宮,一宮市総合体育館,○,名駅を交通拠点にする可能性,selected_master_match
2026-08-10,competition,197,197,55,VVO14,57,2026-09-27,10:00:00,21:00:00,小牧市スポーツ公園総合体育館,バレーボール,バレーボール,バレーボール - VVO14,男子ファーストラウンド（4試合）,LIMITED,BUY,True,https://generalsale.tickets-aichi-nagoya2026.org/getFilteredProductsJSON.th?eventCategoryFather=3,exact,小牧市スポーツ公園総合体育館,愛知,〒485-0016 愛知県小牧市間々原新田７３７ パークアリーナ内,バレーボール,バレーボール,小牧,小牧市スポーツ公園総合体育館,○,北部営業圏へ波,selected_master_match
2026-08-10,competition,229,229,57,WLF09,47,2026-09-27,10:00:00,12:00:00,名古屋市中小企業振興会館,ウエイトリフティング,ウエイトリフティング,ウエイトリフティング - WLF09,女子69kg級 グループB ／ 女子77kg級 グループB,BUY,BUY,True,https://generalsale.tickets-aichi-nagoya2026.org/getFilteredProductsJSON.th?eventCategoryFather=3,exact,名古屋市中小企業振興会館,愛知,〒464-0856 愛知県名古屋市千種区吹上２丁目６−３,ウエイトリフティング,ウエイトリフティング,名古屋・千種区,吹上ホール,◎,市中心部に近い,selected_master_match
2026-08-10,competition,345,345,51,TEN01,41,2026-09-27,10:00:00,21:00:00,名古屋市東山公園テニスセンター,テニス,テニス,テニス - TEN01,男子シングルス１回戦 ／ 男子ダブルス１回戦 ／ 女子シングルス１回戦 ／ 女子ダブルス１回戦,LIMITED,BUY,True,https://generalsale.tickets-aichi-nagoya2026.org/getFilteredProductsJSON.th?eventCategoryFather=3,exact,名古屋市東山公園テニスセンター,愛知,〒468-0071 愛知県名古屋市天白区天白町大字八事裏山６０−１９,テニス,テニス、ソフトテニス,名古屋・千種区,東山公園テニスセンター,◎,市内会場,selected_master_match
2026-08-10,competition,177,177,50,TTE13,60,2026-09-27,12:00:00,15:00:00,スカイホール豊田,卓球,卓球,卓球 - TTE13,男子ダブルス準決勝 ／ 女子シングルス準決勝,SOLD_OUT,BUY,True,https://generalsale.tickets-aichi-nagoya2026.org/getFilteredProductsJSON.th?eventCategoryFather=3,exact,スカイホール豊田,愛知,〒471-0861 愛知県豊田市八幡町１丁目２０−２０ 豊田市総合体育館,卓球,卓球,豊田,スカイホール豊田,○,大会規模を考慮,selected_master_match
2026-08-10,competition,461,461,48,SQU05,49,2026-09-27,12:00:00,18:00:00,名古屋金城ふ頭アリーナ,スカッシュ,スカッシュ,スカッシュ - SQU05,女子個人戦3、4位決定戦 ／ 男子個人戦3、4位決定戦 ／ 混合ダブルス決勝 ／ 男子個人戦決勝 ／ 女子個人戦決勝 ／ 表彰式 / メダル,SOLD_OUT,BUY,True,https://generalsale.tickets-aichi-nagoya2026.org/getFilteredProductsJSON.th?eventCategoryFather=3,exact,名古屋金城ふ頭アリーナ,愛知,〒455-0848 愛知県名古屋市港区金城ふ頭２丁目7番,スカッシュ,スカッシュ,名古屋・港区,名古屋金城ふ頭アリーナ,◎,金城ふ頭需要,selected_master_match
2026-08-10,competition,230,230,57,WLF10,47,2026-09-27,13:30:00,19:20:00,名古屋市中小企業振興会館,ウエイトリフティング,ウエイトリフティング,ウエイトリフティング - WLF10,女子69kg級 グループA／表彰式 ／ 女子77kg級 グループA／表彰式 / メダル,BUY,BUY,True,https://generalsale.tickets-aichi-nagoya2026.org/getFilteredProductsJSON.th?eventCategoryFather=3,exact,名古屋市中小企業振興会館,愛知,〒464-0856 愛知県名古屋市千種区吹上２丁目６−３,ウエイトリフティング,ウエイトリフティング,名古屋・千種区,吹上ホール,◎,市中心部に近い,selected_master_match
2026-08-10,competition,516,516,44,SEW14,45,2026-09-27,14:00:00,16:00:00,名古屋市瑞穂公園体育館,セパタクロー,セパタクロー,セパタクロー - SEW14,男子レグ 予選 ／ 女子ダブル 予選,SOLD_OUT,BUY,True,https://generalsale.tickets-aichi-nagoya2026.org/getFilteredProductsJSON.th?eventCategoryFather=3,exact,名古屋市瑞穂公園体育館,愛知,〒467-0027 愛知県名古屋市瑞穂区田辺通３丁目4,セパタクロー,セパタクロー,名古屋・瑞穂区,パロマ瑞穂アリーナ,◎,市内会場,selected_master_match
2026-08-10,competition,265,265,8,WPO07,40,2026-09-27,14:15:00,19:00:00,名古屋市総合体育館［レインボープール］,水泳 (水球),水泳 (水球),水泳（水球） - WPO07,男子予選ステージ（3試合）,BUY,BUY,True,https://generalsale.tickets-aichi-nagoya2026.org/getFilteredProductsJSON.th?eventCategoryFather=3,normalized,名古屋市総合体育館[レインボープール],愛知,〒457-0833 愛知県名古屋市南区東又兵ヱ町５丁目１−５,水泳,水球,名古屋・南区,NGKアリーナ,◎,笠寺駅・タクシー需要,selected_master_match
2026-08-10,competition,96,96,81,GTR02,70,2026-09-27,16:00:00,21:45:00,名古屋市総合体育館［レインボーホール］,体操 (トランポリン),体操 (トランポリン),体操（トランポリン） - GTR02,女子 予選 ／ 決勝 ／ 表彰式 / メダル,BUY,BUY,True,https://generalsale.tickets-aichi-nagoya2026.org/getFilteredProductsJSON.th?eventCategoryFather=3,normalized,名古屋市総合体育館[レインボーホール],愛知,〒457-0833 愛知県名古屋市南区東又兵ヱ町５丁目１−５,体操,体操、新体操、トランポリン,名古屋・南区,NGKホール,◎,大規模観客需要,selected_master_match
2026-08-10,competition,291,291,10,ATH06,44,2026-09-27,18:00:00,22:30:00,名古屋市瑞穂公園陸上競技場,陸上競技（トラック/フィールド） ,陸上競技（トラック/フィールド） ,陸上競技（トラック/フィールド） - ATH06,メダル,LIMITED,BUY,True,https://generalsale.tickets-aichi-nagoya2026.org/getFilteredProductsJSON.th?eventCategoryFather=3,exact,名古屋市瑞穂公園陸上競技場,愛知,〒467-0062 愛知県名古屋市瑞穂区山下通５丁目１,陸上競技,陸上競技（トラック／フィールド）,名古屋・瑞穂区,パロマ瑞穂スタジアム,◎,大規模・終了集中,selected_master_match
2026-08-10,competition,178,178,50,TTE14,60,2026-09-27,19:00:00,21:30:00,スカイホール豊田,卓球,卓球,卓球 - TTE14,男子ダブルス決勝、表彰式 ／ 女子シングルス決勝、表彰式 / メダル,SOLD_OUT,BUY,True,https://generalsale.tickets-aichi-nagoya2026.org/getFilteredProductsJSON.th?eventCategoryFather=3,exact,スカイホール豊田,愛知,〒471-0861 愛知県豊田市八幡町１丁目２０−２０ 豊田市総合体育館,卓球,卓球,豊田,スカイホール豊田,○,大会規模を考慮,selected_master_match
2026-08-10,competition,462,462,48,SQU06,49,2026-09-28,09:00:00,21:00:00,名古屋金城ふ頭アリーナ,スカッシュ,スカッシュ,スカッシュ - SQU06,女子団体戦プールマッチ ／ 男子団体戦プールマッチ,BUY,BUY,True,https://generalsale.tickets-aichi-nagoya2026.org/getFilteredProductsJSON.th?eventCategoryFather=3,exact,名古屋金城ふ頭アリーナ,愛知,〒455-0848 愛知県名古屋市港区金城ふ頭２丁目7番,スカッシュ,スカッシュ,名古屋・港区,名古屋金城ふ頭アリーナ,◎,金城ふ頭需要,selected_master_match
2026-08-10,competition,485,485,23,CKT15,34,2026-09-28,09:00:00,12:00:00,愛知県口論義運動公園,クリケット（T20）,クリケット（T20）,クリケット (T20) - CKT15,男子準々決勝,BUY,BUY,True,https://generalsale.tickets-aichi-nagoya2026.org/getFilteredProductsJSON.th?eventCategoryFather=3,exact,愛知県口論義運動公園,愛知,〒470-0103 愛知県日進市北新町西口論義３２３−８,クリケット,クリケット,日進,愛知県口論義運動公園,○,名古屋東部から近い,selected_master_match
2026-08-10,competition,517,517,44,SEW15,45,2026-09-28,09:00:00,11:00:00,名古屋市瑞穂公園体育館,セパタクロー,セパタクロー,セパタクロー - SEW15,男子レグ 予選／ 女子ダブル 予選,SOLD_OUT,BUY,True,https://generalsale.tickets-aichi-nagoya2026.org/getFilteredProductsJSON.th?eventCategoryFather=3,exact,名古屋市瑞穂公園体育館,愛知,〒467-0027 愛知県名古屋市瑞穂区田辺通３丁目4,セパタクロー,セパタクロー,名古屋・瑞穂区,パロマ瑞穂アリーナ,◎,市内会場,selected_master_match
2026-08-10,competition,372,372,21,KUR02,16,2026-09-28,09:30:00,17:30:00,愛知県武道館,コンバットスポーツ (クラッシュ),コンバットスポーツ (クラッシュ),コンバットスポーツ（クラッシュ） - KUR02,女子予選ラウンド（－78㎏） ／ 男子予選ラウンド（－81㎏） ／ 女子決勝ラウンド（－78㎏） ／ 男子決勝ラウンド（－81㎏） / メダル,BUY,BUY,True,https://generalsale.tickets-aichi-nagoya2026.org/getFilteredProductsJSON.th?eventCategoryFather=3,exact,愛知県武道館,愛知,〒455-0078 愛知県名古屋市港区丸池町１丁目１−４,コンバットスポーツ、武術太極拳,柔術、クラッシュ、武術太極拳,名古屋・港区,愛知県武道館,◎,市内会場,selected_master_match
2026-08-10,competition,6,6,11,BDM09,27,2026-09-28,09:30:00,20:30:00,一宮市総合体育館,バドミントン,バドミントン,バドミントン - BDM09,女子シングルス 準決勝 ／ 男子シングルス 準決勝 ／ 男子ダブルス 準決勝 ／ 混合ダブルス 準決勝 ／ 女子ダブルス 準決勝,SOLD_OUT,BUY,True,https://generalsale.tickets-aichi-nagoya2026.org/getFilteredProductsJSON.th?eventCategoryFather=3,exact,一宮市総合体育館,愛知,〒491-0135 愛知県一宮市光明寺白山前２０,バドミントン,バドミントン,一宮,一宮市総合体育館,○,名駅を交通拠点にする可能性,selected_master_match
2026-08-10,competition,199,199,55,VVO16,57,2026-09-28,10:00:00,21:00:00,小牧市スポーツ公園総合体育館,バレーボール,バレーボール,バレーボール - VVO16,男子ファーストラウンド（4試合）,LIMITED,BUY,True,https://generalsale.tickets-aichi-nagoya2026.org/getFilteredProductsJSON.th?eventCategoryFather=3,exact,小牧市スポーツ公園総合体育館,愛知,〒485-0016 愛知県小牧市間々原新田７３７ パークアリーナ内,バレーボール,バレーボール,小牧,小牧市スポーツ公園総合体育館,○,北部営業圏へ波,selected_master_match
2026-08-10,competition,231,231,57,WLF11,47,2026-09-28,10:00:00,12:00:00,名古屋市中小企業振興会館,ウエイトリフティング,ウエイトリフティング,ウエイトリフティング - WLF11,男子85kg級 グループB ／ 男子95kg級 グループB,LIMITED,BUY,True,https://generalsale.tickets-aichi-nagoya2026.org/getFilteredProductsJSON.th?eventCategoryFather=3,exact,名古屋市中小企業振興会館,愛知,〒464-0856 愛知県名古屋市千種区吹上２丁目６−３,ウエイトリフティング,ウエイトリフティング,名古屋・千種区,吹上ホール,◎,市中心部に近い,selected_master_match
2026-08-10,competition,346,346,51,TEN02,41,2026-09-28,10:00:00,21:00:00,名古屋市東山公園テニスセンター,テニス,テニス,テニス - TEN02,男子シングルス２回戦 ／ 男子ダブルス2回戦 ／ 女子シングルス２回戦 ／ 女子ダブルス２回戦 ／ 男女混合ダブルス１回戦,LIMITED,BUY,True,https://generalsale.tickets-aichi-nagoya2026.org/getFilteredProductsJSON.th?eventCategoryFather=3,exact,名古屋市東山公園テニスセンター,愛知,〒468-0071 愛知県名古屋市天白区天白町大字八事裏山６０−１９,テニス,テニス、ソフトテニス,名古屋・千種区,東山公園テニスセンター,◎,市内会場,selected_master_match
2026-08-10,competition,179,179,50,TTE15,60,2026-09-28,12:00:00,15:00:00,スカイホール豊田,卓球,卓球,卓球 - TTE15,男子シングルス準決勝 ／ 女子ダブルス準決勝,SOLD_OUT,BUY,True,https://generalsale.tickets-aichi-nagoya2026.org/getFilteredProductsJSON.th?eventCategoryFather=3,exact,スカイホール豊田,愛知,〒471-0861 愛知県豊田市八幡町１丁目２０−２０ 豊田市総合体育館,卓球,卓球,豊田,スカイホール豊田,○,大会規模を考慮,selected_master_match
2026-08-10,competition,232,232,57,WLF12,47,2026-09-28,13:30:00,19:20:00,名古屋市中小企業振興会館,ウエイトリフティング,ウエイトリフティング,ウエイトリフティング - WLF12,男子85kg級 グループA／表彰式 ／ 男子95kg級 グループA／表彰式 / メダル,BUY,BUY,True,https://generalsale.tickets-aichi-nagoya2026.org/getFilteredProductsJSON.th?eventCategoryFather=3,exact,名古屋市中小企業振興会館,愛知,〒464-0856 愛知県名古屋市千種区吹上２丁目６−３,ウエイトリフティング,ウエイトリフティング,名古屋・千種区,吹上ホール,◎,市中心部に近い,selected_master_match
2026-08-10,competition,486,486,23,CKT16,34,2026-09-28,14:00:00,17:00:00,愛知県口論義運動公園,クリケット（T20）,クリケット（T20）,クリケット (T20) - CKT16,男子準々決勝,BUY,BUY,True,https://generalsale.tickets-aichi-nagoya2026.org/getFilteredProductsJSON.th?eventCategoryFather=3,exact,愛知県口論義運動公園,愛知,〒470-0103 愛知県日進市北新町西口論義３２３−８,クリケット,クリケット,日進,愛知県口論義運動公園,○,名古屋東部から近い,selected_master_match
2026-08-10,competition,518,518,44,SEW16,45,2026-09-28,14:00:00,16:00:00,名古屋市瑞穂公園体育館,セパタクロー,セパタクロー,セパタクロー - SEW16,男子レグ 準決勝 ／ 女子ダブル 準決勝,SOLD_OUT,BUY,True,https://generalsale.tickets-aichi-nagoya2026.org/getFilteredProductsJSON.th?eventCategoryFather=3,exact,名古屋市瑞穂公園体育館,愛知,〒467-0027 愛知県名古屋市瑞穂区田辺通３丁目4,セパタクロー,セパタクロー,名古屋・瑞穂区,パロマ瑞穂アリーナ,◎,市内会場,selected_master_match
2026-08-10,competition,266,266,8,WPO08,40,2026-09-28,15:50:00,20:35:00,名古屋市総合体育館［レインボープール］,水泳 (水球),水泳 (水球),水泳（水球） - WPO08,男子予選ステージ（3試合）,BUY,BUY,True,https://generalsale.tickets-aichi-nagoya2026.org/getFilteredProductsJSON.th?eventCategoryFather=3,normalized,名古屋市総合体育館[レインボープール],愛知,〒457-0833 愛知県名古屋市南区東又兵ヱ町５丁目１−５,水泳,水球,名古屋・南区,NGKアリーナ,◎,笠寺駅・タクシー需要,selected_master_match
2026-08-10,competition,292,292,10,ATH07,44,2026-09-28,18:00:00,22:30:00,名古屋市瑞穂公園陸上競技場,陸上競技（トラック/フィールド） ,陸上競技（トラック/フィールド） ,陸上競技（トラック/フィールド） - ATH07,メダル,LIMITED,BUY,True,https://generalsale.tickets-aichi-nagoya2026.org/getFilteredProductsJSON.th?eventCategoryFather=3,exact,名古屋市瑞穂公園陸上競技場,愛知,〒467-0062 愛知県名古屋市瑞穂区山下通５丁目１,陸上競技,陸上競技（トラック／フィールド）,名古屋・瑞穂区,パロマ瑞穂スタジアム,◎,大規模・終了集中,selected_master_match
2026-08-10,competition,180,180,50,TTE16,60,2026-09-28,19:00:00,21:30:00,スカイホール豊田,卓球,卓球,卓球 - TTE16,男子シングルス決勝、表彰式 ／ 女子ダブルス決勝、表彰式 / メダル,SOLD_OUT,BUY,True,https://generalsale.tickets-aichi-nagoya2026.org/getFilteredProductsJSON.th?eventCategoryFather=3,exact,スカイホール豊田,愛知,〒471-0861 愛知県豊田市八幡町１丁目２０−２０ 豊田市総合体育館,卓球,卓球,豊田,スカイホール豊田,○,大会規模を考慮,selected_master_match
2026-08-10,competition,487,487,23,CKT17,34,2026-09-29,09:00:00,12:00:00,愛知県口論義運動公園,クリケット（T20）,クリケット（T20）,クリケット (T20) - CKT17,男子準々決勝,BUY,BUY,True,https://generalsale.tickets-aichi-nagoya2026.org/getFilteredProductsJSON.th?eventCategoryFather=3,exact,愛知県口論義運動公園,愛知,〒470-0103 愛知県日進市北新町西口論義３２３−８,クリケット,クリケット,日進,愛知県口論義運動公園,○,名古屋東部から近い,selected_master_match
2026-08-10,competition,519,519,44,SEW17,45,2026-09-29,09:00:00,13:00:00,名古屋市瑞穂公園体育館,セパタクロー,セパタクロー,セパタクロー - SEW17,男子レグ 決勝／ 女子ダブル 決勝／男子レグ、女子ダブル表彰式 / メダル,SOLD_OUT,BUY,True,https://generalsale.tickets-aichi-nagoya2026.org/getFilteredProductsJSON.th?eventCategoryFather=3,exact,名古屋市瑞穂公園体育館,愛知,〒467-0027 愛知県名古屋市瑞穂区田辺通３丁目4,セパタクロー,セパタクロー,名古屋・瑞穂区,パロマ瑞穂アリーナ,◎,市内会場,selected_master_match
2026-08-10,competition,233,233,57,WLF13,47,2026-09-29,09:30:00,14:50:00,名古屋市中小企業振興会館,ウエイトリフティング,ウエイトリフティング,ウエイトリフティング - WLF13,女子86kg級 グループA／表彰式 ／ 男子110kg級 グループA／表彰式 / メダル,SOLD_OUT,BUY,True,https://generalsale.tickets-aichi-nagoya2026.org/getFilteredProductsJSON.th?eventCategoryFather=3,exact,名古屋市中小企業振興会館,愛知,〒464-0856 愛知県名古屋市千種区吹上２丁目６−３,ウエイトリフティング,ウエイトリフティング,名古屋・千種区,吹上ホール,◎,市中心部に近い,selected_master_match
2026-08-10,competition,373,373,21,KUR03,16,2026-09-29,09:30:00,17:30:00,愛知県武道館,コンバットスポーツ (クラッシュ),コンバットスポーツ (クラッシュ),コンバットスポーツ（クラッシュ） - KUR03,女子予選ラウンド（＋87㎏） ／ 男子予選ラウンド（ー66㎏） ／ 女子決勝ラウンド（＋87㎏） ／ 男子決勝ラウンド（ー66㎏） / メダル,BUY,BUY,True,https://generalsale.tickets-aichi-nagoya2026.org/getFilteredProductsJSON.th?eventCategoryFather=3,exact,愛知県武道館,愛知,〒455-0078 愛知県名古屋市港区丸池町１丁目１−４,コンバットスポーツ、武術太極拳,柔術、クラッシュ、武術太極拳,名古屋・港区,愛知県武道館,◎,市内会場,selected_master_match
2026-08-10,competition,201,201,55,VVO18,57,2026-09-29,10:00:00,21:00:00,小牧市スポーツ公園総合体育館,バレーボール,バレーボール,バレーボール - VVO18,男子ファーストラウンド（4試合）,LIMITED,BUY,True,https://generalsale.tickets-aichi-nagoya2026.org/getFilteredProductsJSON.th?eventCategoryFather=3,exact,小牧市スポーツ公園総合体育館,愛知,〒485-0016 愛知県小牧市間々原新田７３７ パークアリーナ内,バレーボール,バレーボール,小牧,小牧市スポーツ公園総合体育館,○,北部営業圏へ波,selected_master_match
2026-08-10,competition,347,347,51,TEN03,41,2026-09-29,10:00:00,21:00:00,名古屋市東山公園テニスセンター,テニス,テニス,テニス - TEN03,男子シングルス２回戦 ／ 男子ダブルス３回戦 ／ 女子シングルス３回戦 ／ 女子ダブルス２回戦 ／ 男女混合ダブルス２回戦,LIMITED,BUY,True,https://generalsale.tickets-aichi-nagoya2026.org/getFilteredProductsJSON.th?eventCategoryFather=3,exact,名古屋市東山公園テニスセンター,愛知,〒468-0071 愛知県名古屋市天白区天白町大字八事裏山６０−１９,テニス,テニス、ソフトテニス,名古屋・千種区,東山公園テニスセンター,◎,市内会場,selected_master_match
2026-08-10,competition,463,463,48,SQU07,49,2026-09-29,10:00:00,18:00:00,名古屋金城ふ頭アリーナ,スカッシュ,スカッシュ,スカッシュ - SQU07,女子団体戦プールマッチ ／ 男子団体戦プールマッチ,BUY,BUY,True,https://generalsale.tickets-aichi-nagoya2026.org/getFilteredProductsJSON.th?eventCategoryFather=3,exact,名古屋金城ふ頭アリーナ,愛知,〒455-0848 愛知県名古屋市港区金城ふ頭２丁目7番,スカッシュ,スカッシュ,名古屋・港区,名古屋金城ふ頭アリーナ,◎,金城ふ頭需要,selected_master_match
2026-08-10,competition,7,7,11,BDM10,27,2026-09-29,11:00:00,19:00:00,一宮市総合体育館,バドミントン,バドミントン,バドミントン - BDM10,女子シングルス 決勝 ／ 表彰式 ／ 男子シングルス 決勝 ／ 表彰式 ／ 男子ダブルス 決勝 ／ 表彰式 ／ 混合ダブルス 決勝 ／ 表彰式 ／ 女子ダブルス 決勝 ／ 表彰式 / メダル,SOLD_OUT,BUY,True,https://generalsale.tickets-aichi-nagoya2026.org/getFilteredProductsJSON.th?eventCategoryFather=3,exact,一宮市総合体育館,愛知,〒491-0135 愛知県一宮市光明寺白山前２０,バドミントン,バドミントン,一宮,一宮市総合体育館,○,名駅を交通拠点にする可能性,selected_master_match
2026-08-10,competition,488,488,23,CKT18,34,2026-09-29,14:00:00,17:00:00,愛知県口論義運動公園,クリケット（T20）,クリケット（T20）,クリケット (T20) - CKT18,男子準々決勝,BUY,BUY,True,https://generalsale.tickets-aichi-nagoya2026.org/getFilteredProductsJSON.th?eventCategoryFather=3,exact,愛知県口論義運動公園,愛知,〒470-0103 愛知県日進市北新町西口論義３２３−８,クリケット,クリケット,日進,愛知県口論義運動公園,○,名古屋東部から近い,selected_master_match
2026-08-10,competition,267,267,8,WPO09,40,2026-09-29,14:15:00,20:35:00,名古屋市総合体育館［レインボープール］,水泳 (水球),水泳 (水球),水泳（水球） - WPO09,男子予選ステージ（4試合）,BUY,BUY,True,https://generalsale.tickets-aichi-nagoya2026.org/getFilteredProductsJSON.th?eventCategoryFather=3,normalized,名古屋市総合体育館[レインボープール],愛知,〒457-0833 愛知県名古屋市南区東又兵ヱ町５丁目１−５,水泳,水球,名古屋・南区,NGKアリーナ,◎,笠寺駅・タクシー需要,selected_master_match
2026-08-10,competition,234,234,57,WLF14,47,2026-09-29,16:20:00,21:20:00,名古屋市中小企業振興会館,ウエイトリフティング,ウエイトリフティング,ウエイトリフティング - WLF14,女子＋86kg級 グループA ／表彰式／ 男子＋110kg級 グループA／表彰式 / メダル,BUY,BUY,True,https://generalsale.tickets-aichi-nagoya2026.org/getFilteredProductsJSON.th?eventCategoryFather=3,exact,名古屋市中小企業振興会館,愛知,〒464-0856 愛知県名古屋市千種区吹上２丁目６−３,ウエイトリフティング,ウエイトリフティング,名古屋・千種区,吹上ホール,◎,市中心部に近い,selected_master_match
2026-08-10,competition,293,293,10,ATH08,44,2026-09-29,17:15:00,22:30:00,名古屋市瑞穂公園陸上競技場,陸上競技（トラック/フィールド） ,陸上競技（トラック/フィールド） ,陸上競技（トラック/フィールド） - ATH08,メダル,LIMITED,BUY,True,https://generalsale.tickets-aichi-nagoya2026.org/getFilteredProductsJSON.th?eventCategoryFather=3,exact,名古屋市瑞穂公園陸上競技場,愛知,〒467-0062 愛知県名古屋市瑞穂区山下通５丁目１,陸上競技,陸上競技（トラック／フィールド）,名古屋・瑞穂区,パロマ瑞穂スタジアム,◎,大規模・終了集中,selected_master_match
2026-08-10,competition,333,333,33,GLF01,32,2026-09-30,06:30:00,17:30:00,春日井カントリークラブ東コース,ゴルフ,ゴルフ,ゴルフ - GLF01,男子＆女子 第1ラウンド（個人戦・団体戦）,SOLD_OUT,BUY,True,https://generalsale.tickets-aichi-nagoya2026.org/getFilteredProductsJSON.th?eventCategoryFather=3,exact,春日井カントリークラブ東コース,愛知,〒480-0302 愛知県春日井市西尾町１０７１,ゴルフ,ゴルフ,春日井,春日井カントリークラブ 東コース,◎,ホテル⇔会場の送迎需要を考慮,selected_master_match
2026-08-10,competition,520,520,44,SEW18,45,2026-09-30,09:00:00,11:00:00,名古屋市瑞穂公園体育館,セパタクロー,セパタクロー,セパタクロー - SEW18,男子クワッド 予選 ／ 女子クワッド 予選,SOLD_OUT,BUY,True,https://generalsale.tickets-aichi-nagoya2026.org/getFilteredProductsJSON.th?eventCategoryFather=3,exact,名古屋市瑞穂公園体育館,愛知,〒467-0027 愛知県名古屋市瑞穂区田辺通３丁目4,セパタクロー,セパタクロー,名古屋・瑞穂区,パロマ瑞穂アリーナ,◎,市内会場,selected_master_match
2026-08-10,competition,348,348,51,TEN04,41,2026-09-30,10:00:00,21:00:00,名古屋市東山公園テニスセンター,テニス,テニス,テニス - TEN04,男子シングルス３回戦 ／ 男子ダブルス準々決勝 ／ 女子シングルス準々決勝 ／ 女子ダブルス３回戦 ／ 男女混合ダブルス３回戦,BUY,BUY,True,https://generalsale.tickets-aichi-nagoya2026.org/getFilteredProductsJSON.th?eventCategoryFather=3,exact,名古屋市東山公園テニスセンター,愛知,〒468-0071 愛知県名古屋市天白区天白町大字八事裏山６０−１９,テニス,テニス、ソフトテニス,名古屋・千種区,東山公園テニスセンター,◎,市内会場,selected_master_match
2026-08-10,competition,464,464,48,SQU08,49,2026-09-30,10:00:00,20:00:00,名古屋金城ふ頭アリーナ,スカッシュ,スカッシュ,スカッシュ - SQU08,女子団体戦プールマッチ ／ 男子団体戦準々決勝 ／ 女子団体戦準々決勝,BUY,BUY,True,https://generalsale.tickets-aichi-nagoya2026.org/getFilteredProductsJSON.th?eventCategoryFather=3,exact,名古屋金城ふ頭アリーナ,愛知,〒455-0848 愛知県名古屋市港区金城ふ頭２丁目7番,スカッシュ,スカッシュ,名古屋・港区,名古屋金城ふ頭アリーナ,◎,金城ふ頭需要,selected_master_match
2026-08-10,competition,129,129,37,JUD01,14,2026-09-30,11:00:00,14:00:00,愛知国際アリーナ,柔道,柔道,柔道 - JUD01,予選・敗者復活戦・準決勝 ／ 女子 -48kg / 女子 -52kg ／ 男子 -60kg / 男子 -66kg,BUY,BUY,True,https://generalsale.tickets-aichi-nagoya2026.org/getFilteredProductsJSON.th?eventCategoryFather=3,exact,愛知国際アリーナ,愛知,〒462-0846 愛知県名古屋市北区名城１丁目２−２,バスケットボール、柔道,バスケットボール、柔道,名古屋・東区,IGアリーナ,◎,大規模会場・最重要,selected_master_match
2026-08-10,competition,521,521,44,SEW19,45,2026-09-30,14:00:00,16:00:00,名古屋市瑞穂公園体育館,セパタクロー,セパタクロー,セパタクロー - SEW19,男子クワッド 予選 ／ 女子クワッド 予選,LIMITED,BUY,True,https://generalsale.tickets-aichi-nagoya2026.org/getFilteredProductsJSON.th?eventCategoryFather=3,exact,名古屋市瑞穂公園体育館,愛知,〒467-0027 愛知県名古屋市瑞穂区田辺通３丁目4,セパタクロー,セパタクロー,名古屋・瑞穂区,パロマ瑞穂アリーナ,◎,市内会場,selected_master_match
2026-08-10,competition,268,268,8,WPO10,40,2026-09-30,15:50:00,20:35:00,名古屋市総合体育館［レインボープール］,水泳 (水球),水泳 (水球),水泳（水球） - WPO10,男子予選ステージ（3試合）,BUY,BUY,True,https://generalsale.tickets-aichi-nagoya2026.org/getFilteredProductsJSON.th?eventCategoryFather=3,normalized,名古屋市総合体育館[レインボープール],愛知,〒457-0833 愛知県名古屋市南区東又兵ヱ町５丁目１−５,水泳,水球,名古屋・南区,NGKアリーナ,◎,笠寺駅・タクシー需要,selected_master_match
2026-08-10,competition,130,130,37,JUD02,14,2026-09-30,17:00:00,19:30:00,愛知国際アリーナ,柔道,柔道,柔道 - JUD02,3位決定戦・決勝・表彰式 ／ 女子 -48kg / 女子 -52kg ／ 男子 -60kg / 男子 -66kg / メダル,BUY,BUY,True,https://generalsale.tickets-aichi-nagoya2026.org/getFilteredProductsJSON.th?eventCategoryFather=3,exact,愛知国際アリーナ,愛知,〒462-0846 愛知県名古屋市北区名城１丁目２−２,バスケットボール、柔道,バスケットボール、柔道,名古屋・東区,IGアリーナ,◎,大規模会場・最重要,selected_master_match
2026-08-10,competition,334,334,33,GLF02,32,2026-10-01,06:30:00,17:30:00,春日井カントリークラブ東コース,ゴルフ,ゴルフ,ゴルフ - GLF02,男子＆女子 第2ラウンド（個人戦・団体戦）,SOLD_OUT,BUY,True,https://generalsale.tickets-aichi-nagoya2026.org/getFilteredProductsJSON.th?eventCategoryFather=3,exact,春日井カントリークラブ東コース,愛知,〒480-0302 愛知県春日井市西尾町１０７１,ゴルフ,ゴルフ,春日井,春日井カントリークラブ 東コース,◎,ホテル⇔会場の送迎需要を考慮,selected_master_match
2026-08-10,competition,149,149,42,RU701,46,2026-10-01,09:00:00,19:15:00,名古屋市瑞穂公園ラグビー場,ラグビー（ラグビー7s）,ラグビー（ラグビー7s）,ラグビー（ラグビー7s） - RU701,男子予選ラウンド （12試合） ／ 女子予選ラウンド （8試合）,BUY,BUY,True,https://generalsale.tickets-aichi-nagoya2026.org/getFilteredProductsJSON.th?eventCategoryFather=3,exact,名古屋市瑞穂公園ラグビー場,愛知,〒467-0062 愛知県名古屋市瑞穂区山下通５丁目４,サッカー、ラグビー,サッカー、ラグビー７s,名古屋・瑞穂区,パロマ瑞穂ラグビー場,◎,観客集中,selected_master_match
2026-08-10,competition,396,396,20,JJI01,16,2026-10-01,09:00:00,18:30:00,愛知県武道館,コンバットスポーツ (柔術),コンバットスポーツ (柔術),コンバットスポーツ（柔術） - JJI01,"予選・敗者復活戦・準決勝 ／ 三位決定戦・決勝・表彰式 ／ 女子 -48kg ／ 男子 -62kg, -69kg / メダル",BUY,BUY,True,https://generalsale.tickets-aichi-nagoya2026.org/getFilteredProductsJSON.th?eventCategoryFather=3,exact,愛知県武道館,愛知,〒455-0078 愛知県名古屋市港区丸池町１丁目１−４,コンバットスポーツ、武術太極拳,柔術、クラッシュ、武術太極拳,名古屋・港区,愛知県武道館,◎,市内会場,selected_master_match
2026-08-10,competition,489,489,23,CKT19,34,2026-10-01,09:00:00,12:00:00,愛知県口論義運動公園,クリケット（T20）,クリケット（T20）,クリケット (T20) - CKT19,男子準決勝,BUY,BUY,True,https://generalsale.tickets-aichi-nagoya2026.org/getFilteredProductsJSON.th?eventCategoryFather=3,exact,愛知県口論義運動公園,愛知,〒470-0103 愛知県日進市北新町西口論義３２３−８,クリケット,クリケット,日進,愛知県口論義運動公園,○,名古屋東部から近い,selected_master_match
2026-08-10,competition,522,522,44,SEW20,45,2026-10-01,09:00:00,11:00:00,名古屋市瑞穂公園体育館,セパタクロー,セパタクロー,セパタクロー - SEW20,男子クワッド 予選 ／ 女子クワッド 予選,SOLD_OUT,BUY,True,https://generalsale.tickets-aichi-nagoya2026.org/getFilteredProductsJSON.th?eventCategoryFather=3,exact,名古屋市瑞穂公園体育館,愛知,〒467-0027 愛知県名古屋市瑞穂区田辺通３丁目4,セパタクロー,セパタクロー,名古屋・瑞穂区,パロマ瑞穂アリーナ,◎,市内会場,selected_master_match
2026-08-10,competition,203,203,55,VVO20,57,2026-10-01,10:00:00,21:00:00,小牧市スポーツ公園総合体育館,バレーボール,バレーボール,バレーボール - VVO20,男子9位-16位決定戦（4試合）,LIMITED,BUY,True,https://generalsale.tickets-aichi-nagoya2026.org/getFilteredProductsJSON.th?eventCategoryFather=3,exact,小牧市スポーツ公園総合体育館,愛知,〒485-0016 愛知県小牧市間々原新田７３７ パークアリーナ内,バレーボール,バレーボール,小牧,小牧市スポーツ公園総合体育館,○,北部営業圏へ波,selected_master_match
2026-08-10,competition,349,349,51,TEN05,41,2026-10-01,10:00:00,21:00:00,名古屋市東山公園テニスセンター,テニス,テニス,テニス - TEN05,男子シングルス準々決勝 ／ 男子ダブルス準決勝 ／ 女子シングルス準決勝 ／ 女子ダブルス準々決勝 ／ 男女混合ダブルス準々決勝,LIMITED,BUY,True,https://generalsale.tickets-aichi-nagoya2026.org/getFilteredProductsJSON.th?eventCategoryFather=3,exact,名古屋市東山公園テニスセンター,愛知,〒468-0071 愛知県名古屋市天白区天白町大字八事裏山６０−１９,テニス,テニス、ソフトテニス,名古屋・千種区,東山公園テニスセンター,◎,市内会場,selected_master_match
2026-08-10,competition,97,97,80,GRY01,70,2026-10-01,10:00:00,18:30:00,名古屋市総合体育館［レインボーホール］,体操 (新体操),体操 (新体操),体操（新体操） - GRY01,個人 予選,BUY,BUY,True,https://generalsale.tickets-aichi-nagoya2026.org/getFilteredProductsJSON.th?eventCategoryFather=3,normalized,名古屋市総合体育館[レインボーホール],愛知,〒457-0833 愛知県名古屋市南区東又兵ヱ町５丁目１−５,体操,体操、新体操、トランポリン,名古屋・南区,NGKホール,◎,大規模観客需要,selected_master_match
2026-08-10,competition,465,465,48,SQU09,49,2026-10-01,10:30:00,20:30:00,名古屋金城ふ頭アリーナ,スカッシュ,スカッシュ,スカッシュ - SQU09,男子団体戦準決勝 ／ 女子団体戦準決勝,BUY,BUY,True,https://generalsale.tickets-aichi-nagoya2026.org/getFilteredProductsJSON.th?eventCategoryFather=3,exact,名古屋金城ふ頭アリーナ,愛知,〒455-0848 愛知県名古屋市港区金城ふ頭２丁目7番,スカッシュ,スカッシュ,名古屋・港区,名古屋金城ふ頭アリーナ,◎,金城ふ頭需要,selected_master_match
2026-08-10,competition,131,131,37,JUD03,14,2026-10-01,11:00:00,14:00:00,愛知国際アリーナ,柔道,柔道,柔道 - JUD03,予選・敗者復活戦・準決勝 ／ 女子 -57kg / 女子 -63kg / 女子 -70kg ／ 男子 -73kg / 男子 -81kg,BUY,BUY,True,https://generalsale.tickets-aichi-nagoya2026.org/getFilteredProductsJSON.th?eventCategoryFather=3,exact,愛知国際アリーナ,愛知,〒462-0846 愛知県名古屋市北区名城１丁目２−２,バスケットボール、柔道,バスケットボール、柔道,名古屋・東区,IGアリーナ,◎,大規模会場・最重要,selected_master_match
2026-08-10,competition,490,490,23,CKT20,34,2026-10-01,14:00:00,17:00:00,愛知県口論義運動公園,クリケット（T20）,クリケット（T20）,クリケット (T20) - CKT20,男子準決勝,BUY,BUY,True,https://generalsale.tickets-aichi-nagoya2026.org/getFilteredProductsJSON.th?eventCategoryFather=3,exact,愛知県口論義運動公園,愛知,〒470-0103 愛知県日進市北新町西口論義３２３−８,クリケット,クリケット,日進,愛知県口論義運動公園,○,名古屋東部から近い,selected_master_match
2026-08-10,competition,523,523,44,SEW21,45,2026-10-01,14:00:00,16:00:00,名古屋市瑞穂公園体育館,セパタクロー,セパタクロー,セパタクロー - SEW21,男子クワッド 予選 ／ 女子クワッド 予選,LIMITED,BUY,True,https://generalsale.tickets-aichi-nagoya2026.org/getFilteredProductsJSON.th?eventCategoryFather=3,exact,名古屋市瑞穂公園体育館,愛知,〒467-0027 愛知県名古屋市瑞穂区田辺通３丁目4,セパタクロー,セパタクロー,名古屋・瑞穂区,パロマ瑞穂アリーナ,◎,市内会場,selected_master_match
2026-08-10,competition,269,269,8,WPO11,40,2026-10-01,14:15:00,20:35:00,名古屋市総合体育館［レインボープール］,水泳 (水球),水泳 (水球),水泳（水球） - WPO11,男子準々決勝（4試合）,SOLD_OUT,BUY,True,https://generalsale.tickets-aichi-nagoya2026.org/getFilteredProductsJSON.th?eventCategoryFather=3,normalized,名古屋市総合体育館[レインボープール],愛知,〒457-0833 愛知県名古屋市南区東又兵ヱ町５丁目１−５,水泳,水球,名古屋・南区,NGKアリーナ,◎,笠寺駅・タクシー需要,selected_master_match
2026-08-10,competition,132,132,37,JUD04,14,2026-10-01,17:00:00,19:30:00,愛知国際アリーナ,柔道,柔道,柔道 - JUD04,3位決定戦・決勝・表彰式 ／ 女子 -57kg / 女子 -63kg / 女子 -70kg ／ 男子 -73kg / 男子 -81kg / メダル,BUY,BUY,True,https://generalsale.tickets-aichi-nagoya2026.org/getFilteredProductsJSON.th?eventCategoryFather=3,exact,愛知国際アリーナ,愛知,〒462-0846 愛知県名古屋市北区名城１丁目２−２,バスケットボール、柔道,バスケットボール、柔道,名古屋・東区,IGアリーナ,◎,大規模会場・最重要,selected_master_match
2026-08-10,competition,335,335,33,GLF03,32,2026-10-02,06:30:00,17:30:00,春日井カントリークラブ東コース,ゴルフ,ゴルフ,ゴルフ - GLF03,男子＆女子 第3ラウンド（個人戦・団体戦）,SOLD_OUT,BUY,True,https://generalsale.tickets-aichi-nagoya2026.org/getFilteredProductsJSON.th?eventCategoryFather=3,exact,春日井カントリークラブ東コース,愛知,〒480-0302 愛知県春日井市西尾町１０７１,ゴルフ,ゴルフ,春日井,春日井カントリークラブ 東コース,◎,ホテル⇔会場の送迎需要を考慮,selected_master_match
2026-08-10,competition,150,150,42,RU702,46,2026-10-02,09:00:00,16:00:00,名古屋市瑞穂公園ラグビー場,ラグビー（ラグビー7s）,ラグビー（ラグビー7s）,ラグビー（ラグビー7s） - RU702,男子9位-12位決定戦 （2試合） ／ 男子準々決勝 （4試合） ／ 女子予選ラウンド （4試合） ／ 男子9位-12位決定戦 （2試合）,BUY,BUY,True,https://generalsale.tickets-aichi-nagoya2026.org/getFilteredProductsJSON.th?eventCategoryFather=3,exact,名古屋市瑞穂公園ラグビー場,愛知,〒467-0062 愛知県名古屋市瑞穂区山下通５丁目４,サッカー、ラグビー,サッカー、ラグビー７s,名古屋・瑞穂区,パロマ瑞穂ラグビー場,◎,観客集中,selected_master_match
2026-08-10,competition,397,397,20,JJI02,16,2026-10-02,09:00:00,18:30:00,愛知県武道館,コンバットスポーツ (柔術),コンバットスポーツ (柔術),コンバットスポーツ（柔術） - JJI02,"予選・敗者復活戦・準決勝 ／ 三位決定戦・決勝・表彰式 ／ 女子 -52kg ／ 男子 -77kg, -94kg / メダル",BUY,BUY,True,https://generalsale.tickets-aichi-nagoya2026.org/getFilteredProductsJSON.th?eventCategoryFather=3,exact,愛知県武道館,愛知,〒455-0078 愛知県名古屋市港区丸池町１丁目１−４,コンバットスポーツ、武術太極拳,柔術、クラッシュ、武術太極拳,名古屋・港区,愛知県武道館,◎,市内会場,selected_master_match
2026-08-10,competition,524,524,44,SEW22,45,2026-10-02,09:00:00,11:00:00,名古屋市瑞穂公園体育館,セパタクロー,セパタクロー,セパタクロー - SEW22,男子クワッド 予選 ／ 女子クワッド 予選,SOLD_OUT,BUY,True,https://generalsale.tickets-aichi-nagoya2026.org/getFilteredProductsJSON.th?eventCategoryFather=3,exact,名古屋市瑞穂公園体育館,愛知,〒467-0027 愛知県名古屋市瑞穂区田辺通３丁目4,セパタクロー,セパタクロー,名古屋・瑞穂区,パロマ瑞穂アリーナ,◎,市内会場,selected_master_match
2026-08-10,competition,205,205,55,VVO22,57,2026-10-02,10:00:00,21:00:00,小牧市スポーツ公園総合体育館,バレーボール,バレーボール,バレーボール - VVO22,男子9位-16位決定戦（4試合）,LIMITED,BUY,True,https://generalsale.tickets-aichi-nagoya2026.org/getFilteredProductsJSON.th?eventCategoryFather=3,exact,小牧市スポーツ公園総合体育館,愛知,〒485-0016 愛知県小牧市間々原新田７３７ パークアリーナ内,バレーボール,バレーボール,小牧,小牧市スポーツ公園総合体育館,○,北部営業圏へ波,selected_master_match
2026-08-10,competition,350,350,51,TEN06,41,2026-10-02,10:00:00,21:00:00,名古屋市東山公園テニスセンター,テニス,テニス,テニス - TEN06,男子シングルス準決勝 ／ 男子ダブルス決勝 ／ 女子シングルス決勝 ／ 女子ダブルス準決勝 ／ 男女混合ダブルス準決勝／メダル,LIMITED,BUY,True,https://generalsale.tickets-aichi-nagoya2026.org/getFilteredProductsJSON.th?eventCategoryFather=3,exact,名古屋市東山公園テニスセンター,愛知,〒468-0071 愛知県名古屋市天白区天白町大字八事裏山６０−１９,テニス,テニス、ソフトテニス,名古屋・千種区,東山公園テニスセンター,◎,市内会場,selected_master_match
2026-08-10,competition,133,133,37,JUD05,14,2026-10-02,11:00:00,14:00:00,愛知国際アリーナ,柔道,柔道,柔道 - JUD05,予選・敗者復活戦・準決勝 ／ 女子 -78kg / 女子 +78kg ／ 男子 -90kg / 男子 -100kg /男子 +100kg,BUY,BUY,True,https://generalsale.tickets-aichi-nagoya2026.org/getFilteredProductsJSON.th?eventCategoryFather=3,exact,愛知国際アリーナ,愛知,〒462-0846 愛知県名古屋市北区名城１丁目２−２,バスケットボール、柔道,バスケットボール、柔道,名古屋・東区,IGアリーナ,◎,大規模会場・最重要,selected_master_match
2026-08-10,competition,466,466,48,SQU10,49,2026-10-02,13:30:00,19:00:00,名古屋金城ふ頭アリーナ,スカッシュ,スカッシュ,スカッシュ - SQU10,女子団体戦決勝 ／ 男子団体戦決勝 ／ 表彰式 / メダル,BUY,BUY,True,https://generalsale.tickets-aichi-nagoya2026.org/getFilteredProductsJSON.th?eventCategoryFather=3,exact,名古屋金城ふ頭アリーナ,愛知,〒455-0848 愛知県名古屋市港区金城ふ頭２丁目7番,スカッシュ,スカッシュ,名古屋・港区,名古屋金城ふ頭アリーナ,◎,金城ふ頭需要,selected_master_match
2026-08-10,competition,525,525,44,SEW23,45,2026-10-02,14:00:00,16:00:00,名古屋市瑞穂公園体育館,セパタクロー,セパタクロー,セパタクロー - SEW23,男子クワッド 準決勝 ／ 女子クワッド 準決勝,SOLD_OUT,BUY,True,https://generalsale.tickets-aichi-nagoya2026.org/getFilteredProductsJSON.th?eventCategoryFather=3,exact,名古屋市瑞穂公園体育館,愛知,〒467-0027 愛知県名古屋市瑞穂区田辺通３丁目4,セパタクロー,セパタクロー,名古屋・瑞穂区,パロマ瑞穂アリーナ,◎,市内会場,selected_master_match
2026-08-10,competition,657,657,8,WPO12,40,2026-10-02,14:15:00,20:35:00,名古屋市総合体育館［レインボープール］,水泳 (水球),水泳 (水球),水泳（水球） - WPO12,男子5-8位決定戦 （2試合）/ 男子準決勝 （2試合）,BUY,BUY,True,https://generalsale.tickets-aichi-nagoya2026.org/getFilteredProductsJSON.th?eventCategoryFather=3,normalized,名古屋市総合体育館[レインボープール],愛知,〒457-0833 愛知県名古屋市南区東又兵ヱ町５丁目１−５,水泳,水球,名古屋・南区,NGKアリーナ,◎,笠寺駅・タクシー需要,selected_master_match
2026-08-10,competition,134,134,37,JUD06,14,2026-10-02,17:00:00,19:30:00,愛知国際アリーナ,柔道,柔道,柔道 - JUD06,3位決定戦・決勝・表彰式 ／ 女子 -78kg / 女子 +78kg ／ 男子 -90kg / 男子 -100kg /男子 +100kg / メダル,BUY,BUY,True,https://generalsale.tickets-aichi-nagoya2026.org/getFilteredProductsJSON.th?eventCategoryFather=3,exact,愛知国際アリーナ,愛知,〒462-0846 愛知県名古屋市北区名城１丁目２−２,バスケットボール、柔道,バスケットボール、柔道,名古屋・東区,IGアリーナ,◎,大規模会場・最重要,selected_master_match
2026-08-10,competition,98,98,80,GRY02,70,2026-10-02,18:00:00,20:45:00,名古屋市総合体育館［レインボーホール］,体操 (新体操),体操 (新体操),体操（新体操） - GRY02,団体 予選,BUY,BUY,True,https://generalsale.tickets-aichi-nagoya2026.org/getFilteredProductsJSON.th?eventCategoryFather=3,normalized,名古屋市総合体育館[レインボーホール],愛知,〒457-0833 愛知県名古屋市南区東又兵ヱ町５丁目１−５,体操,体操、新体操、トランポリン,名古屋・南区,NGKホール,◎,大規模観客需要,selected_master_match
2026-08-10,competition,336,336,33,GLF04,32,2026-10-03,06:30:00,18:00:00,春日井カントリークラブ東コース,ゴルフ,ゴルフ,ゴルフ - GLF04,男子＆女子 第4ラウンド（個人戦・団体戦）／ 表彰式 / メダル,LIMITED,BUY,True,https://generalsale.tickets-aichi-nagoya2026.org/getFilteredProductsJSON.th?eventCategoryFather=3,exact,春日井カントリークラブ東コース,愛知,〒480-0302 愛知県春日井市西尾町１０７１,ゴルフ,ゴルフ,春日井,春日井カントリークラブ 東コース,◎,ホテル⇔会場の送迎需要を考慮,selected_master_match
2026-08-10,competition,151,151,42,RU703,46,2026-10-03,09:00:00,19:15:00,名古屋市瑞穂公園ラグビー場,ラグビー（ラグビー7s）,ラグビー（ラグビー7s）,ラグビー（ラグビー7s）- RU703,男子5位-8位決定戦（2試合） ／ 男子準決勝（2試合） ／ 女子5位-8位決定戦（2試合） ／ 女子準決勝（2試合） ／ 男子9位-12位決定戦（2試合） ／ 女子7位決定戦 ／ メダル女子5位決定戦 ／ 男子7位決定戦 ／ 男子5位決定戦 ／ 女子3位決定戦 ／ 男子3位決定戦 ／ 女子決勝 ／ 男子決勝 / ,LIMITED,BUY,True,https://generalsale.tickets-aichi-nagoya2026.org/getFilteredProductsJSON.th?eventCategoryFather=3,exact,名古屋市瑞穂公園ラグビー場,愛知,〒467-0062 愛知県名古屋市瑞穂区山下通５丁目４,サッカー、ラグビー,サッカー、ラグビー７s,名古屋・瑞穂区,パロマ瑞穂ラグビー場,◎,観客集中,selected_master_match
2026-08-10,competition,398,398,20,JJI03,16,2026-10-03,09:00:00,16:30:00,愛知県武道館,コンバットスポーツ (柔術),コンバットスポーツ (柔術),コンバットスポーツ（柔術） - JJI03,予選・敗者復活戦・準決勝 ／ 三位決定戦・決勝・表彰式 ／ 女子 -63kg ／ 男子 -85kg / メダル,BUY,BUY,True,https://generalsale.tickets-aichi-nagoya2026.org/getFilteredProductsJSON.th?eventCategoryFather=3,exact,愛知県武道館,愛知,〒455-0078 愛知県名古屋市港区丸池町１丁目１−４,コンバットスポーツ、武術太極拳,柔術、クラッシュ、武術太極拳,名古屋・港区,愛知県武道館,◎,市内会場,selected_master_match
2026-08-10,competition,491,491,23,CKT21,34,2026-10-03,09:00:00,12:00:00,愛知県口論義運動公園,クリケット（T20）,クリケット（T20）,クリケット (T20) - CKT21,男子3位決定戦 / メダル,BUY,BUY,True,https://generalsale.tickets-aichi-nagoya2026.org/getFilteredProductsJSON.th?eventCategoryFather=3,exact,愛知県口論義運動公園,愛知,〒470-0103 愛知県日進市北新町西口論義３２３−８,クリケット,クリケット,日進,愛知県口論義運動公園,○,名古屋東部から近い,selected_master_match
2026-08-10,competition,526,526,44,SEW24,45,2026-10-03,09:00:00,13:00:00,名古屋市瑞穂公園体育館,セパタクロー,セパタクロー,セパタクロー - SEW24,男子クワッド 決勝 ／ 女子クワッド 決勝／ 男子クワッド、女子クワッド表彰式 / メダル,SOLD_OUT,BUY,True,https://generalsale.tickets-aichi-nagoya2026.org/getFilteredProductsJSON.th?eventCategoryFather=3,exact,名古屋市瑞穂公園体育館,愛知,〒467-0027 愛知県名古屋市瑞穂区田辺通３丁目4,セパタクロー,セパタクロー,名古屋・瑞穂区,パロマ瑞穂アリーナ,◎,市内会場,selected_master_match
2026-08-10,competition,207,207,55,VVO24,57,2026-10-03,10:00:00,21:00:00,小牧市スポーツ公園総合体育館,バレーボール,バレーボール,バレーボール - VVO24,男子9位-16位決定戦（4試合）,LIMITED,BUY,True,https://generalsale.tickets-aichi-nagoya2026.org/getFilteredProductsJSON.th?eventCategoryFather=3,exact,小牧市スポーツ公園総合体育館,愛知,〒485-0016 愛知県小牧市間々原新田７３７ パークアリーナ内,バレーボール,バレーボール,小牧,小牧市スポーツ公園総合体育館,○,北部営業圏へ波,selected_master_match
2026-08-10,competition,351,351,51,TEN07,41,2026-10-03,10:00:00,21:00:00,名古屋市東山公園テニスセンター,テニス,テニス,テニス - TEN07, 男子シングルス決勝 ／ 女子ダブルス決勝 ／  男女混合ダブルス決勝 / メダル,LIMITED,BUY,True,https://generalsale.tickets-aichi-nagoya2026.org/getFilteredProductsJSON.th?eventCategoryFather=3,exact,名古屋市東山公園テニスセンター,愛知,〒468-0071 愛知県名古屋市天白区天白町大字八事裏山６０−１９,テニス,テニス、ソフトテニス,名古屋・千種区,東山公園テニスセンター,◎,市内会場,selected_master_match
2026-08-10,competition,135,135,37,JUD07,14,2026-10-03,11:00:00,14:00:00,愛知国際アリーナ,柔道,柔道,柔道 - JUD07,予選・敗者復活戦・準決勝 ／ 男女混合団体,BUY,BUY,True,https://generalsale.tickets-aichi-nagoya2026.org/getFilteredProductsJSON.th?eventCategoryFather=3,exact,愛知国際アリーナ,愛知,〒462-0846 愛知県名古屋市北区名城１丁目２−２,バスケットボール、柔道,バスケットボール、柔道,名古屋・東区,IGアリーナ,◎,大規模会場・最重要,selected_master_match
2026-08-10,competition,99,99,80,GRY03,70,2026-10-03,13:00:00,16:15:00,名古屋市総合体育館［レインボーホール］,体操 (新体操),体操 (新体操),体操（新体操） - GRY03,個人 決勝 / メダル,LIMITED,BUY,True,https://generalsale.tickets-aichi-nagoya2026.org/getFilteredProductsJSON.th?eventCategoryFather=3,normalized,名古屋市総合体育館[レインボーホール],愛知,〒457-0833 愛知県名古屋市南区東又兵ヱ町５丁目１−５,体操,体操、新体操、トランポリン,名古屋・南区,NGKホール,◎,大規模観客需要,selected_master_match
2026-08-10,competition,492,492,23,CKT22,34,2026-10-03,14:00:00,17:00:00,愛知県口論義運動公園,クリケット（T20）,クリケット（T20）,クリケット (T20) - CKT22,男子決勝 / メダル,SOLD_OUT,BUY,True,https://generalsale.tickets-aichi-nagoya2026.org/getFilteredProductsJSON.th?eventCategoryFather=3,exact,愛知県口論義運動公園,愛知,〒470-0103 愛知県日進市北新町西口論義３２３−８,クリケット,クリケット,日進,愛知県口論義運動公園,○,名古屋東部から近い,selected_master_match
2026-08-10,competition,658,658,8,WPO13,40,2026-10-03,14:15:00,21:15:00,名古屋市総合体育館［レインボープール］,水泳 (水球),水泳 (水球),水泳（水球） - WPO13,男子7位決定戦 / 男子5位決定戦 / 男子3位決定戦 / 男子決勝 / メダル,LIMITED,BUY,True,https://generalsale.tickets-aichi-nagoya2026.org/getFilteredProductsJSON.th?eventCategoryFather=3,normalized,名古屋市総合体育館[レインボープール],愛知,〒457-0833 愛知県名古屋市南区東又兵ヱ町５丁目１−５,水泳,水球,名古屋・南区,NGKアリーナ,◎,笠寺駅・タクシー需要,selected_master_match
2026-08-10,competition,86,86,32,FBL32,66,2026-10-03,15:00:00,21:30:00,豊田スタジアム,サッカー,サッカー,サッカー - FBL32,男子3位決定戦 ／ 男子決勝戦 ／ 表彰式 / メダル,LIMITED,BUY,True,https://generalsale.tickets-aichi-nagoya2026.org/getFilteredProductsJSON.th?eventCategoryFather=3,exact,豊田スタジアム,愛知,〒471-0016 愛知県豊田市千石町７丁目２,サッカー,サッカー,豊田,豊田スタジアム,○,大規模会場のため採用,selected_master_match
2026-08-10,competition,136,136,37,JUD08,14,2026-10-03,17:00:00,19:30:00,愛知国際アリーナ,柔道,柔道,柔道 - JUD08,3位決定戦・決勝・表彰式 ／ 男女混合団体 / メダル,BUY,BUY,True,https://generalsale.tickets-aichi-nagoya2026.org/getFilteredProductsJSON.th?eventCategoryFather=3,exact,愛知国際アリーナ,愛知,〒462-0846 愛知県名古屋市北区名城１丁目２−２,バスケットボール、柔道,バスケットボール、柔道,名古屋・東区,IGアリーナ,◎,大規模会場・最重要,selected_master_match
2026-08-10,competition,100,100,80,GRY04,70,2026-10-03,19:00:00,21:15:00,名古屋市総合体育館［レインボーホール］,体操 (新体操),体操 (新体操),体操（新体操） - GRY04,団体 決勝 / メダル,LIMITED,BUY,True,https://generalsale.tickets-aichi-nagoya2026.org/getFilteredProductsJSON.th?eventCategoryFather=3,normalized,名古屋市総合体育館[レインボーホール],愛知,〒457-0833 愛知県名古屋市南区東又兵ヱ町５丁目１−５,体操,体操、新体操、トランポリン,名古屋・南区,NGKホール,◎,大規模観客需要,selected_master_match
2026-08-10,closing_ceremony,246,246,79,OCC01,44,2026-10-04,18:00:00,19:30:00,名古屋市瑞穂公園陸上競技場,閉会式 (アジア大会),閉会式,閉会式（アジア大会） - OCC01,セレモニー,LIMITED,BUY,True,https://generalsale.tickets-aichi-nagoya2026.org/getFilteredProductsJSON.th?eventCategoryFather=3,exact,名古屋市瑞穂公園陸上競技場,愛知,〒467-0062 愛知県名古屋市瑞穂区山下通５丁目１,陸上競技,陸上競技（トラック／フィールド）,名古屋・瑞穂区,パロマ瑞穂スタジアム,◎,大規模・終了集中,selected_master_match
